date,inflationRate
03-03-2025,2.36
28-02-2025,2.38
27-02-2025,2.37
26-02-2025,2.36
25-02-2025,2.38
24-02-2025,2.42
21-02-2025,2.42
20-02-2025,2.45
19-02-2025,2.45
18-02-2025,2.45
14-02-2025,2.43
13-02-2025,2.44
12-02-2025,2.46
11-02-2025,2.46
10-02-2025,2.44
07-02-2025,2.42
06-02-2025,2.42
05-02-2025,2.42
04-02-2025,2.44
03-02-2025,2.45
31-01-2025,2.42
30-01-2025,2.38
29-01-2025,2.4
28-01-2025,2.42
27-01-2025,2.4
24-01-2025,2.43
23-01-2025,2.42
22-01-2025,2.4
21-01-2025,2.38
17-01-2025,2.41
16-01-2025,2.42
15-01-2025,2.42
14-01-2025,2.44
13-01-2025,2.45
10-01-2025,2.43
09-01-2025,2.39
08-01-2025,2.4
07-01-2025,2.38
06-01-2025,2.34
03-01-2025,2.34
02-01-2025,2.34
31-12-2024,2.34
30-12-2024,2.31
27-12-2024,2.34
26-12-2024,2.35
24-12-2024,2.35
23-12-2024,2.32
20-12-2024,2.29
19-12-2024,2.29
18-12-2024,2.32
17-12-2024,2.31
16-12-2024,2.32
13-12-2024,2.33
12-12-2024,2.32
11-12-2024,2.3
10-12-2024,2.29
09-12-2024,2.27
06-12-2024,2.24
05-12-2024,2.25
04-12-2024,2.29
03-12-2024,2.28
02-12-2024,2.26
29-11-2024,2.26
27-11-2024,2.26
26-11-2024,2.28
25-11-2024,2.29
22-11-2024,2.34
21-11-2024,2.34
20-11-2024,2.35
19-11-2024,2.34
18-11-2024,2.34
15-11-2024,2.33
14-11-2024,2.33
13-11-2024,2.35
12-11-2024,2.35
08-11-2024,2.35
07-11-2024,2.33
06-11-2024,2.38
05-11-2024,2.27
04-11-2024,2.28
01-11-2024,2.33
31-10-2024,2.33
30-10-2024,2.34
29-10-2024,2.3
28-10-2024,2.29
25-10-2024,2.29
24-10-2024,2.3
23-10-2024,2.31
22-10-2024,2.33
21-10-2024,2.31
18-10-2024,2.31
17-10-2024,2.3
16-10-2024,2.27
15-10-2024,2.28
11-10-2024,2.33
10-10-2024,2.33
09-10-2024,2.29
08-10-2024,2.27
07-10-2024,2.27
04-10-2024,2.23
03-10-2024,2.21
02-10-2024,2.21
01-10-2024,2.19
30-09-2024,2.18
27-09-2024,2.15
26-09-2024,2.16
25-09-2024,2.18
24-09-2024,2.19
23-09-2024,2.17
20-09-2024,2.15
19-09-2024,2.17
18-09-2024,2.12
17-09-2024,2.12
16-09-2024,2.09
13-09-2024,2.08
12-09-2024,2.05
11-09-2024,2.04
10-09-2024,2.02
09-09-2024,2.04
06-09-2024,2.03
05-09-2024,2.03
04-09-2024,2.07
03-09-2024,2.11
30-08-2024,2.15
29-08-2024,2.16
28-08-2024,2.15
27-08-2024,2.15
26-08-2024,2.15
23-08-2024,2.13
22-08-2024,2.1
21-08-2024,2.07
20-08-2024,2.07
19-08-2024,2.07
16-08-2024,2.08
15-08-2024,2.12
14-08-2024,2.06
13-08-2024,2.09
12-08-2024,2.11
09-08-2024,2.1
08-08-2024,2.12
07-08-2024,2.11
06-08-2024,2.12
05-08-2024,2.07
02-08-2024,2.04
01-08-2024,2.2
31-07-2024,2.24
30-07-2024,2.25
29-07-2024,2.25
26-07-2024,2.27
25-07-2024,2.28
24-07-2024,2.28
23-07-2024,2.29
22-07-2024,2.3
19-07-2024,2.32
18-07-2024,2.31
17-07-2024,2.26
16-07-2024,2.26
15-07-2024,2.27
12-07-2024,2.24
11-07-2024,2.25
10-07-2024,2.27
09-07-2024,2.26
08-07-2024,2.27
05-07-2024,2.28
03-07-2024,2.27
02-07-2024,2.3
01-07-2024,2.32
28-06-2024,2.28
27-06-2024,2.26
26-06-2024,2.26
25-06-2024,2.22
24-06-2024,2.22
21-06-2024,2.23
20-06-2024,2.25
18-06-2024,2.21
17-06-2024,2.22
14-06-2024,2.17
13-06-2024,2.21
12-06-2024,2.22
11-06-2024,2.27
10-06-2024,2.31
07-06-2024,2.3
06-06-2024,2.28
05-06-2024,2.3
04-06-2024,2.31
03-06-2024,2.33
31-05-2024,2.35
30-05-2024,2.36
29-05-2024,2.36
28-05-2024,2.34
24-05-2024,2.32
23-05-2024,2.3
22-05-2024,2.33
21-05-2024,2.32
20-05-2024,2.33
17-05-2024,2.32
16-05-2024,2.31
15-05-2024,2.31
14-05-2024,2.33
13-05-2024,2.33
10-05-2024,2.34
09-05-2024,2.32
08-05-2024,2.31
07-05-2024,2.32
06-05-2024,2.35
03-05-2024,2.35
02-05-2024,2.37
01-05-2024,2.38
30-04-2024,2.41
29-04-2024,2.41
26-04-2024,2.43
25-04-2024,2.42
24-04-2024,2.41
23-04-2024,2.41
22-04-2024,2.41
19-04-2024,2.41
18-04-2024,2.4
17-04-2024,2.39
16-04-2024,2.43
15-04-2024,2.43
12-04-2024,2.39
11-04-2024,2.4
10-04-2024,2.4
09-04-2024,2.36
08-04-2024,2.38
05-04-2024,2.37
04-04-2024,2.34
03-04-2024,2.36
02-04-2024,2.36
01-04-2024,2.35
28-03-2024,2.32
27-03-2024,2.32
26-03-2024,2.32
25-03-2024,2.33
22-03-2024,2.35
21-03-2024,2.34
20-03-2024,2.31
19-03-2024,2.3
18-03-2024,2.31
15-03-2024,2.32
14-03-2024,2.3
13-03-2024,2.3
12-03-2024,2.3
11-03-2024,2.27
08-03-2024,2.28
07-03-2024,2.28
06-03-2024,2.3
05-03-2024,2.32
04-03-2024,2.34
01-03-2024,2.32
29-02-2024,2.33
28-02-2024,2.33
27-02-2024,2.32
26-02-2024,2.31
23-02-2024,2.3
22-02-2024,2.31
21-02-2024,2.34
20-02-2024,2.32
16-02-2024,2.33
15-02-2024,2.3
14-02-2024,2.3
13-02-2024,2.29
12-02-2024,2.24
09-02-2024,2.25
08-02-2024,2.24
07-02-2024,2.23
06-02-2024,2.24
05-02-2024,2.27
02-02-2024,2.21
01-02-2024,2.19
31-01-2024,2.26
30-01-2024,2.26
29-01-2024,2.3
26-01-2024,2.3
25-01-2024,2.29
24-01-2024,2.3
23-01-2024,2.29
22-01-2024,2.31
19-01-2024,2.34
18-01-2024,2.34
17-01-2024,2.3
16-01-2024,2.3
12-01-2024,2.27
11-01-2024,2.22
10-01-2024,2.22
09-01-2024,2.22
08-01-2024,2.22
05-01-2024,2.22
04-01-2024,2.22
03-01-2024,2.2
02-01-2024,2.21
29-12-2023,2.16
28-12-2023,2.16
27-12-2023,2.15
26-12-2023,2.18
22-12-2023,2.19
21-12-2023,2.19
20-12-2023,2.19
19-12-2023,2.19
18-12-2023,2.21
15-12-2023,2.22
14-12-2023,2.22
13-12-2023,2.16
12-12-2023,2.16
11-12-2023,2.19
08-12-2023,2.21
07-12-2023,2.17
06-12-2023,2.14
05-12-2023,2.17
04-12-2023,2.21
01-12-2023,2.22
30-11-2023,2.23
29-11-2023,2.21
28-11-2023,2.22
27-11-2023,2.21
24-11-2023,2.26
22-11-2023,2.26
21-11-2023,2.25
20-11-2023,2.3
17-11-2023,2.28
16-11-2023,2.27
15-11-2023,2.31
14-11-2023,2.28
13-11-2023,2.31
10-11-2023,2.32
09-11-2023,2.33
08-11-2023,2.34
07-11-2023,2.39
06-11-2023,2.42
03-11-2023,2.39
02-11-2023,2.4
01-11-2023,2.41
31-10-2023,2.42
30-10-2023,2.44
27-10-2023,2.42
26-10-2023,2.42
25-10-2023,2.43
24-10-2023,2.4
23-10-2023,2.41
20-10-2023,2.47
19-10-2023,2.49
18-10-2023,2.44
17-10-2023,2.41
16-10-2023,2.38
13-10-2023,2.34
12-10-2023,2.34
11-10-2023,2.32
10-10-2023,2.32
06-10-2023,2.31
05-10-2023,2.31
04-10-2023,2.33
03-10-2023,2.36
02-10-2023,2.35
29-09-2023,2.35
28-09-2023,2.39
27-09-2023,2.34
26-09-2023,2.33
25-09-2023,2.37
22-09-2023,2.37
21-09-2023,2.38
20-09-2023,2.35
19-09-2023,2.37
18-09-2023,2.36
15-09-2023,2.35
14-09-2023,2.34
13-09-2023,2.35
12-09-2023,2.34
11-09-2023,2.35
08-09-2023,2.33
07-09-2023,2.32
06-09-2023,2.3
05-09-2023,2.29
01-09-2023,2.26
31-08-2023,2.24
30-08-2023,2.26
29-08-2023,2.29
28-08-2023,2.3
25-08-2023,2.33
24-08-2023,2.32
23-08-2023,2.35
22-08-2023,2.35
21-08-2023,2.34
18-08-2023,2.32
17-08-2023,2.33
16-08-2023,2.32
15-08-2023,2.32
14-08-2023,2.36
11-08-2023,2.36
10-08-2023,2.33
09-08-2023,2.34
08-08-2023,2.36
07-08-2023,2.41
04-08-2023,2.38
03-08-2023,2.37
02-08-2023,2.36
01-08-2023,2.37
31-07-2023,2.37
28-07-2023,2.38
27-07-2023,2.37
26-07-2023,2.36
25-07-2023,2.39
24-07-2023,2.38
21-07-2023,2.35
20-07-2023,2.35
19-07-2023,2.22
18-07-2023,2.23
17-07-2023,2.25
14-07-2023,2.24
13-07-2023,2.24
12-07-2023,2.26
11-07-2023,2.24
10-07-2023,2.25
07-07-2023,2.27
06-07-2023,2.27
05-07-2023,2.26
03-07-2023,2.25
30-06-2023,2.22
29-06-2023,2.2
28-06-2023,2.18
27-06-2023,2.2
26-06-2023,2.18
23-06-2023,2.21
22-06-2023,2.24
21-06-2023,2.21
20-06-2023,2.22
16-06-2023,2.22
15-06-2023,2.21
14-06-2023,2.21
13-06-2023,2.2
12-06-2023,2.17
09-06-2023,2.2
08-06-2023,2.2
07-06-2023,2.21
06-06-2023,2.2
05-06-2023,2.19
02-06-2023,2.18
01-06-2023,2.16
31-05-2023,2.18
30-05-2023,2.22
26-05-2023,2.23
25-05-2023,2.25
24-05-2023,2.25
23-05-2023,2.26
22-05-2023,2.24
19-05-2023,2.24
18-05-2023,2.23
17-05-2023,2.22
16-05-2023,2.19
15-05-2023,2.19
12-05-2023,2.18
11-05-2023,2.16
10-05-2023,2.17
09-05-2023,2.23
08-05-2023,2.23
05-05-2023,2.21
04-05-2023,2.19
03-05-2023,2.2
02-05-2023,2.2
01-05-2023,2.23
28-04-2023,2.18
27-04-2023,2.27
26-04-2023,2.25
25-04-2023,2.25
24-04-2023,2.28
21-04-2023,2.28
20-04-2023,2.26
19-04-2023,2.28
18-04-2023,2.28
17-04-2023,2.32
14-04-2023,2.3
13-04-2023,2.29
12-04-2023,2.27
11-04-2023,2.29
10-04-2023,2.27
07-04-2023,2.25
06-04-2023,2.24
05-04-2023,2.23
04-04-2023,2.25
03-04-2023,2.29
31-03-2023,2.32
30-03-2023,2.34
29-03-2023,2.33
28-03-2023,2.31
27-03-2023,2.24
24-03-2023,2.22
23-03-2023,2.19
22-03-2023,2.28
21-03-2023,2.23
20-03-2023,2.14
17-03-2023,2.1
16-03-2023,2.22
15-03-2023,2.29
14-03-2023,2.31
13-03-2023,2.24
10-03-2023,2.26
09-03-2023,2.3
08-03-2023,2.32
07-03-2023,2.38
06-03-2023,2.49
03-03-2023,2.52
02-03-2023,2.48
01-03-2023,2.44
28-02-2023,2.43
27-02-2023,2.36
24-02-2023,2.38
23-02-2023,2.39
22-02-2023,2.41
21-02-2023,2.42
17-02-2023,2.36
16-02-2023,2.37
15-02-2023,2.35
14-02-2023,2.31
13-02-2023,2.31
10-02-2023,2.33
09-02-2023,2.33
08-02-2023,2.34
07-02-2023,2.31
06-02-2023,2.25
03-02-2023,2.22
02-02-2023,2.22
01-02-2023,2.25
31-01-2023,2.24
30-01-2023,2.29
27-01-2023,2.33
26-01-2023,2.33
25-01-2023,2.29
24-01-2023,2.27
23-01-2023,2.28
20-01-2023,2.23
19-01-2023,2.2
18-01-2023,2.12
17-01-2023,2.17
13-01-2023,2.18
12-01-2023,2.21
11-01-2023,2.23
10-01-2023,2.24
09-01-2023,2.22
06-01-2023,2.21
05-01-2023,2.22
04-01-2023,2.22
03-01-2023,2.26
30-12-2022,2.3
29-12-2022,2.27
28-12-2022,2.28
27-12-2022,2.26
23-12-2022,2.2
22-12-2022,2.19
21-12-2022,2.27
20-12-2022,2.24
19-12-2022,2.15
16-12-2022,2.13
15-12-2022,2.16
14-12-2022,2.19
13-12-2022,2.24
12-12-2022,2.28
09-12-2022,2.26
08-12-2022,2.28
07-12-2022,2.26
06-12-2022,2.31
05-12-2022,2.39
02-12-2022,2.43
01-12-2022,2.36
30-11-2022,2.34
29-11-2022,2.25
28-11-2022,2.26
25-11-2022,2.32
23-11-2022,2.32
22-11-2022,2.32
21-11-2022,2.31
18-11-2022,2.25
17-11-2022,2.28
16-11-2022,2.29
15-11-2022,2.35
14-11-2022,2.37
10-11-2022,2.39
09-11-2022,2.42
08-11-2022,2.5
07-11-2022,2.53
04-11-2022,2.48
03-11-2022,2.4
02-11-2022,2.53
01-11-2022,2.51
31-10-2022,2.52
28-10-2022,2.51
27-10-2022,2.45
26-10-2022,2.44
25-10-2022,2.51
24-10-2022,2.59
21-10-2022,2.52
20-10-2022,2.51
19-10-2022,2.42
18-10-2022,2.41
17-10-2022,2.45
14-10-2022,2.41
13-10-2022,2.34
12-10-2022,2.29
11-10-2022,2.31
07-10-2022,2.27
06-10-2022,2.22
05-10-2022,2.22
04-10-2022,2.24
03-10-2022,2.24
30-09-2022,2.15
29-09-2022,2.19
28-09-2022,2.33
27-09-2022,2.33
26-09-2022,2.32
23-09-2022,2.37
22-09-2022,2.41
21-09-2022,2.38
20-09-2022,2.4
19-09-2022,2.34
16-09-2022,2.38
15-09-2022,2.43
14-09-2022,2.46
13-09-2022,2.44
12-09-2022,2.42
09-09-2022,2.42
08-09-2022,2.41
07-09-2022,2.45
06-09-2022,2.48
02-09-2022,2.47
01-09-2022,2.45
31-08-2022,2.48
30-08-2022,2.55
29-08-2022,2.58
26-08-2022,2.57
25-08-2022,2.6
24-08-2022,2.62
23-08-2022,2.58
22-08-2022,2.57
19-08-2022,2.55
18-08-2022,2.52
17-08-2022,2.46
16-08-2022,2.44
15-08-2022,2.44
12-08-2022,2.47
11-08-2022,2.47
10-08-2022,2.43
09-08-2022,2.47
08-08-2022,2.48
05-08-2022,2.46
04-08-2022,2.46
03-08-2022,2.5
02-08-2022,2.48
01-08-2022,2.51
29-07-2022,2.53
28-07-2022,2.48
27-07-2022,2.42
26-07-2022,2.36
25-07-2022,2.36
22-07-2022,2.34
21-07-2022,2.33
20-07-2022,2.38
19-07-2022,2.39
18-07-2022,2.37
15-07-2022,2.36
14-07-2022,2.34
13-07-2022,2.31
12-07-2022,2.32
11-07-2022,2.32
08-07-2022,2.37
07-07-2022,2.33
06-07-2022,2.29
05-07-2022,2.3
01-07-2022,2.34
30-06-2022,2.33
29-06-2022,2.36
28-06-2022,2.48
27-06-2022,2.55
24-06-2022,2.56
23-06-2022,2.5
22-06-2022,2.54
21-06-2022,2.61
17-06-2022,2.58
16-06-2022,2.62
15-06-2022,2.7
14-06-2022,2.6
13-06-2022,2.74
10-06-2022,2.76
09-06-2022,2.75
08-06-2022,2.75
07-06-2022,2.73
06-06-2022,2.76
03-06-2022,2.74
02-06-2022,2.66
01-06-2022,2.65
31-05-2022,2.64
27-05-2022,2.63
26-05-2022,2.62
25-05-2022,2.56
24-05-2022,2.55
23-05-2022,2.6
20-05-2022,2.55
19-05-2022,2.59
18-05-2022,2.72
17-05-2022,2.71
16-05-2022,2.68
13-05-2022,2.69
12-05-2022,2.59
11-05-2022,2.7
10-05-2022,2.65
09-05-2022,2.75
06-05-2022,2.86
05-05-2022,2.87
04-05-2022,2.86
03-05-2022,2.83
02-05-2022,2.81
29-04-2022,2.88
28-04-2022,2.97
27-04-2022,2.88
26-04-2022,2.85
25-04-2022,2.91
22-04-2022,2.98
21-04-2022,3.02
20-04-2022,2.92
19-04-2022,2.93
18-04-2022,2.92
14-04-2022,2.89
13-04-2022,2.8
12-04-2022,2.86
11-04-2022,2.91
08-04-2022,2.87
07-04-2022,2.82
06-04-2022,2.83
05-04-2022,2.84
04-04-2022,2.8
01-04-2022,2.8
31-03-2022,2.84
30-03-2022,2.86
29-03-2022,2.86
28-03-2022,2.95
25-03-2022,2.95
24-03-2022,2.92
23-03-2022,2.94
22-03-2022,2.91
21-03-2022,2.9
18-03-2022,2.86
17-03-2022,2.91
16-03-2022,2.8
15-03-2022,2.84
14-03-2022,2.93
11-03-2022,2.94
10-03-2022,2.86
09-03-2022,2.84
08-03-2022,2.9
07-03-2022,2.77
04-03-2022,2.67
03-03-2022,2.69
02-03-2022,2.71
01-03-2022,2.62
28-02-2022,2.62
25-02-2022,2.54
24-02-2022,2.55
23-02-2022,2.53
22-02-2022,2.45
18-02-2022,2.41
17-02-2022,2.43
16-02-2022,2.46
15-02-2022,2.48
14-02-2022,2.48
11-02-2022,2.43
10-02-2022,2.45
09-02-2022,2.42
08-02-2022,2.42
07-02-2022,2.4
04-02-2022,2.41
03-02-2022,2.38
02-02-2022,2.41
01-02-2022,2.43
31-01-2022,2.44
28-01-2022,2.44
27-01-2022,2.4
26-01-2022,2.38
25-01-2022,2.41
24-01-2022,2.38
21-01-2022,2.34
20-01-2022,2.33
19-01-2022,2.4
18-01-2022,2.46
14-01-2022,2.44
13-01-2022,2.43
12-01-2022,2.48
11-01-2022,2.54
10-01-2022,2.48
07-01-2022,2.48
06-01-2022,2.46
05-01-2022,2.53
04-01-2022,2.57
03-01-2022,2.6
31-12-2021,2.56
30-12-2021,2.58
29-12-2021,2.53
28-12-2021,2.5
27-12-2021,2.5
23-12-2021,2.47
22-12-2021,2.47
21-12-2021,2.44
20-12-2021,2.39
17-12-2021,2.38
16-12-2021,2.42
15-12-2021,2.39
14-12-2021,2.37
13-12-2021,2.4
10-12-2021,2.44
09-12-2021,2.47
08-12-2021,2.52
07-12-2021,2.47
06-12-2021,2.44
03-12-2021,2.43
02-12-2021,2.47
01-12-2021,2.44
30-11-2021,2.5
29-11-2021,2.54
26-11-2021,2.55
24-11-2021,2.61
23-11-2021,2.62
22-11-2021,2.61
19-11-2021,2.65
18-11-2021,2.73
17-11-2021,2.7
16-11-2021,2.73
15-11-2021,2.76
12-11-2021,2.73
10-11-2021,2.7
09-11-2021,2.63
08-11-2021,2.62
05-11-2021,2.54
04-11-2021,2.56
03-11-2021,2.53
02-11-2021,2.51
01-11-2021,2.5
29-10-2021,2.51
28-10-2021,2.57
27-10-2021,2.65
26-10-2021,2.69
25-10-2021,2.66
22-10-2021,2.64
21-10-2021,2.64
20-10-2021,2.57
19-10-2021,2.54
18-10-2021,2.54
15-10-2021,2.56
14-10-2021,2.52
13-10-2021,2.52
12-10-2021,2.49
08-10-2021,2.5
07-10-2021,2.46
06-10-2021,2.43
05-10-2021,2.45
04-10-2021,2.38
01-10-2021,2.38
30-09-2021,2.37
29-09-2021,2.37
28-09-2021,2.38
27-09-2021,2.35
24-09-2021,2.34
23-09-2021,2.31
22-09-2021,2.28
21-09-2021,2.29
20-09-2021,2.29
17-09-2021,2.33
16-09-2021,2.35
15-09-2021,2.35
14-09-2021,2.33
13-09-2021,2.37
10-09-2021,2.4
09-09-2021,2.38
08-09-2021,2.38
07-09-2021,2.36
03-09-2021,2.34
02-09-2021,2.32
01-09-2021,2.34
31-08-2021,2.33
30-08-2021,2.37
27-08-2021,2.39
26-08-2021,2.33
25-08-2021,2.35
24-08-2021,2.3
23-08-2021,2.27
20-08-2021,2.27
19-08-2021,2.28
18-08-2021,2.32
17-08-2021,2.33
16-08-2021,2.36
13-08-2021,2.37
12-08-2021,2.41
11-08-2021,2.42
10-08-2021,2.4
09-08-2021,2.37
06-08-2021,2.37
05-08-2021,2.33
04-08-2021,2.35
03-08-2021,2.38
02-08-2021,2.37
30-07-2021,2.4
29-07-2021,2.43
28-07-2021,2.41
27-07-2021,2.38
26-07-2021,2.4
23-07-2021,2.35
22-07-2021,2.28
21-07-2021,2.28
20-07-2021,2.26
19-07-2021,2.24
16-07-2021,2.33
15-07-2021,2.32
14-07-2021,2.34
13-07-2021,2.36
12-07-2021,2.33
09-07-2021,2.28
08-07-2021,2.22
07-07-2021,2.28
06-07-2021,2.31
02-07-2021,2.33
01-07-2021,2.35
30-06-2021,2.32
29-06-2021,2.32
28-06-2021,2.33
25-06-2021,2.34
24-06-2021,2.3
23-06-2021,2.34
22-06-2021,2.31
21-06-2021,2.25
18-06-2021,2.24
17-06-2021,2.27
16-06-2021,2.32
15-06-2021,2.38
14-06-2021,2.36
11-06-2021,2.32
10-06-2021,2.35
09-06-2021,2.32
08-06-2021,2.36
07-06-2021,2.39
04-06-2021,2.4
03-06-2021,2.42
02-06-2021,2.44
01-06-2021,2.46
28-05-2021,2.42
27-05-2021,2.42
26-05-2021,2.4
25-05-2021,2.42
24-05-2021,2.44
21-05-2021,2.43
20-05-2021,2.41
19-05-2021,2.48
18-05-2021,2.52
17-05-2021,2.54
14-05-2021,2.51
13-05-2021,2.51
12-05-2021,2.54
11-05-2021,2.53
10-05-2021,2.54
07-05-2021,2.49
06-05-2021,2.45
05-05-2021,2.47
04-05-2021,2.42
03-05-2021,2.42
30-04-2021,2.41
29-04-2021,2.42
28-04-2021,2.41
27-04-2021,2.39
26-04-2021,2.36
23-04-2021,2.34
22-04-2021,2.33
21-04-2021,2.33
20-04-2021,2.32
19-04-2021,2.34
16-04-2021,2.36
15-04-2021,2.33
14-04-2021,2.33
13-04-2021,2.33
12-04-2021,2.33
09-04-2021,2.31
08-04-2021,2.33
07-04-2021,2.34
06-04-2021,2.32
05-04-2021,2.35
02-04-2021,2.36
01-04-2021,2.35
31-03-2021,2.37
30-03-2021,2.35
29-03-2021,2.36
26-03-2021,2.34
25-03-2021,2.32
24-03-2021,2.31
23-03-2021,2.29
22-03-2021,2.33
19-03-2021,2.31
18-03-2021,2.27
17-03-2021,2.3
16-03-2021,2.3
15-03-2021,2.27
12-03-2021,2.26
11-03-2021,2.28
10-03-2021,2.26
09-03-2021,2.21
08-03-2021,2.21
05-03-2021,2.22
04-03-2021,2.2
03-03-2021,2.21
02-03-2021,2.2
01-03-2021,2.16
26-02-2021,2.15
25-02-2021,2.14
24-02-2021,2.17
23-02-2021,2.16
22-02-2021,2.16
19-02-2021,2.14
18-02-2021,2.16
17-02-2021,2.21
16-02-2021,2.24
12-02-2021,2.21
11-02-2021,2.2
10-02-2021,2.21
09-02-2021,2.22
08-02-2021,2.22
05-02-2021,2.21
04-02-2021,2.17
03-02-2021,2.19
02-02-2021,2.15
01-02-2021,2.11
29-01-2021,2.13
28-01-2021,2.13
27-01-2021,2.08
26-01-2021,2.08
25-01-2021,2.08
22-01-2021,2.09
21-01-2021,2.1
20-01-2021,2.12
19-01-2021,2.1
15-01-2021,2.1
14-01-2021,2.09
13-01-2021,2.06
12-01-2021,2.08
11-01-2021,2.06
08-01-2021,2.06
07-01-2021,2.09
06-01-2021,2.06
05-01-2021,2.03
04-01-2021,2.01
31-12-2020,1.99
30-12-2020,1.96
29-12-2020,1.96
28-12-2020,1.97
24-12-2020,1.97
23-12-2020,1.97
22-12-2020,1.94
21-12-2020,1.95
18-12-2020,1.95
17-12-2020,1.94
16-12-2020,1.92
15-12-2020,1.91
14-12-2020,1.88
11-12-2020,1.87
10-12-2020,1.88
09-12-2020,1.91
08-12-2020,1.89
07-12-2020,1.88
04-12-2020,1.89
03-12-2020,1.86
02-12-2020,1.85
01-12-2020,1.81
30-11-2020,1.77
27-11-2020,1.75
25-11-2020,1.75
24-11-2020,1.74
23-11-2020,1.71
20-11-2020,1.69
19-11-2020,1.7
18-11-2020,1.7
17-11-2020,1.7
16-11-2020,1.72
13-11-2020,1.72
12-11-2020,1.71
10-11-2020,1.76
09-11-2020,1.73
06-11-2020,1.65
05-11-2020,1.66
04-11-2020,1.64
03-11-2020,1.72
02-11-2020,1.71
30-10-2020,1.7
29-10-2020,1.71
28-10-2020,1.7
27-10-2020,1.71
26-10-2020,1.72
23-10-2020,1.75
22-10-2020,1.76
21-10-2020,1.74
20-10-2020,1.72
19-10-2020,1.71
16-10-2020,1.71
15-10-2020,1.69
14-10-2020,1.69
13-10-2020,1.7
09-10-2020,1.73
08-10-2020,1.72
07-10-2020,1.71
06-10-2020,1.66
05-10-2020,1.68
02-10-2020,1.64
01-10-2020,1.63
30-09-2020,1.63
29-09-2020,1.64
28-09-2020,1.61
25-09-2020,1.58
24-09-2020,1.58
23-09-2020,1.6
22-09-2020,1.62
21-09-2020,1.62
18-09-2020,1.67
17-09-2020,1.66
16-09-2020,1.68
15-09-2020,1.67
14-09-2020,1.65
11-09-2020,1.65
10-09-2020,1.69
09-09-2020,1.71
08-09-2020,1.68
04-09-2020,1.7
03-09-2020,1.65
02-09-2020,1.73
01-09-2020,1.76
31-08-2020,1.8
28-08-2020,1.77
27-08-2020,1.73
26-08-2020,1.72
25-08-2020,1.7
24-08-2020,1.67
21-08-2020,1.64
20-08-2020,1.62
19-08-2020,1.67
18-08-2020,1.68
17-08-2020,1.66
14-08-2020,1.65
13-08-2020,1.67
12-08-2020,1.67
11-08-2020,1.63
10-08-2020,1.61
07-08-2020,1.61
06-08-2020,1.63
05-08-2020,1.61
04-08-2020,1.57
03-08-2020,1.58
31-07-2020,1.55
30-07-2020,1.52
29-07-2020,1.53
28-07-2020,1.51
27-07-2020,1.52
24-07-2020,1.51
23-07-2020,1.49
22-07-2020,1.48
21-07-2020,1.48
20-07-2020,1.46
17-07-2020,1.46
16-07-2020,1.41
15-07-2020,1.41
14-07-2020,1.41
13-07-2020,1.42
10-07-2020,1.41
09-07-2020,1.39
08-07-2020,1.42
07-07-2020,1.43
06-07-2020,1.45
02-07-2020,1.41
01-07-2020,1.37
30-06-2020,1.34
29-06-2020,1.34
26-06-2020,1.32
25-06-2020,1.33
24-06-2020,1.33
23-06-2020,1.38
22-06-2020,1.34
19-06-2020,1.3
18-06-2020,1.28
17-06-2020,1.26
16-06-2020,1.27
15-06-2020,1.23
12-06-2020,1.21
11-06-2020,1.21
10-06-2020,1.27
09-06-2020,1.26
08-06-2020,1.28
05-06-2020,1.27
04-06-2020,1.22
03-06-2020,1.21
02-06-2020,1.18
01-06-2020,1.18
29-05-2020,1.15
28-05-2020,1.18
27-05-2020,1.14
26-05-2020,1.13
22-05-2020,1.12
21-05-2020,1.14
20-05-2020,1.16
19-05-2020,1.15
18-05-2020,1.17
15-05-2020,1.09
14-05-2020,1.06
13-05-2020,1.07
12-05-2020,1.09
11-05-2020,1.13
08-05-2020,1.12
07-05-2020,1.08
06-05-2020,1.1
05-05-2020,1.1
04-05-2020,1.07
01-05-2020,1.06
30-04-2020,1.07
29-04-2020,1.14
28-04-2020,1.14
27-04-2020,1.17
24-04-2020,1.11
23-04-2020,1.05
22-04-2020,1.06
21-04-2020,0.96
20-04-2020,0.94
17-04-2020,1.01
16-04-2020,1.03
15-04-2020,1.19
14-04-2020,1.29
13-04-2020,1.26
09-04-2020,1.23
08-04-2020,1.19
07-04-2020,1.17
06-04-2020,1.14
03-04-2020,1.08
02-04-2020,1.03
01-04-2020,0.91
31-03-2020,0.87
30-03-2020,0.95
27-03-2020,0.94
26-03-2020,1.07
25-03-2020,1.07
24-03-2020,0.97
23-03-2020,0.8
20-03-2020,0.75
19-03-2020,0.5
18-03-2020,0.63
17-03-2020,0.63
16-03-2020,0.73
13-03-2020,0.9
12-03-2020,0.92
11-03-2020,0.96
10-03-2020,1
09-03-2020,0.99
06-03-2020,1.31
05-03-2020,1.4
04-03-2020,1.46
03-03-2020,1.45
02-03-2020,1.41
28-02-2020,1.41
27-02-2020,1.53
26-02-2020,1.54
25-02-2020,1.53
24-02-2020,1.59
21-02-2020,1.61
20-02-2020,1.63
19-02-2020,1.65
18-02-2020,1.65
14-02-2020,1.66
13-02-2020,1.67
12-02-2020,1.66
11-02-2020,1.65
10-02-2020,1.66
07-02-2020,1.66
06-02-2020,1.67
05-02-2020,1.66
04-02-2020,1.64
03-02-2020,1.63
31-01-2020,1.65
30-01-2020,1.64
29-01-2020,1.64
28-01-2020,1.65
27-01-2020,1.63
24-01-2020,1.68
23-01-2020,1.7
22-01-2020,1.72
21-01-2020,1.74
17-01-2020,1.75
16-01-2020,1.74
15-01-2020,1.75
14-01-2020,1.77
13-01-2020,1.77
10-01-2020,1.76
09-01-2020,1.74
08-01-2020,1.75
07-01-2020,1.74
06-01-2020,1.75
03-01-2020,1.77
02-01-2020,1.8
31-12-2019,1.77
30-12-2019,1.75
27-12-2019,1.73
26-12-2019,1.74
24-12-2019,1.75
23-12-2019,1.75
20-12-2019,1.77
19-12-2019,1.77
18-12-2019,1.76
17-12-2019,1.75
16-12-2019,1.73
13-12-2019,1.7
12-12-2019,1.72
11-12-2019,1.69
10-12-2019,1.71
09-12-2019,1.69
06-12-2019,1.69
05-12-2019,1.67
04-12-2019,1.66
03-12-2019,1.63
02-12-2019,1.65
29-11-2019,1.61
27-11-2019,1.63
26-11-2019,1.62
25-11-2019,1.62
22-11-2019,1.62
21-11-2019,1.63
20-11-2019,1.6
19-11-2019,1.63
18-11-2019,1.63
15-11-2019,1.63
14-11-2019,1.62
13-11-2019,1.66
12-11-2019,1.7
08-11-2019,1.71
07-11-2019,1.69
06-11-2019,1.66
05-11-2019,1.68
04-11-2019,1.64
01-11-2019,1.59
31-10-2019,1.54
30-10-2019,1.57
29-10-2019,1.61
28-10-2019,1.64
25-10-2019,1.65
24-10-2019,1.62
23-10-2019,1.61
22-10-2019,1.61
21-10-2019,1.61
18-10-2019,1.6
17-10-2019,1.59
16-10-2019,1.57
15-10-2019,1.56
11-10-2019,1.56
10-10-2019,1.52
09-10-2019,1.49
08-10-2019,1.48
07-10-2019,1.51
04-10-2019,1.5
03-10-2019,1.48
02-10-2019,1.5
01-10-2019,1.52
30-09-2019,1.53
27-09-2019,1.53
26-09-2019,1.57
25-09-2019,1.6
24-09-2019,1.58
23-09-2019,1.61
20-09-2019,1.61
19-09-2019,1.61
18-09-2019,1.59
17-09-2019,1.66
16-09-2019,1.67
13-09-2019,1.67
12-09-2019,1.63
11-09-2019,1.6
10-09-2019,1.6
09-09-2019,1.57
06-09-2019,1.54
05-09-2019,1.56
04-09-2019,1.51
03-09-2019,1.5
30-08-2019,1.55
29-08-2019,1.59
28-08-2019,1.55
27-08-2019,1.55
26-08-2019,1.54
23-08-2019,1.54
22-08-2019,1.55
21-08-2019,1.54
20-08-2019,1.53
19-08-2019,1.56
16-08-2019,1.54
15-08-2019,1.54
14-08-2019,1.57
13-08-2019,1.63
12-08-2019,1.61
09-08-2019,1.66
08-08-2019,1.65
07-08-2019,1.62
06-08-2019,1.62
05-08-2019,1.6
02-08-2019,1.66
01-08-2019,1.7
31-07-2019,1.76
30-07-2019,1.78
29-07-2019,1.77
26-07-2019,1.78
25-07-2019,1.8
24-07-2019,1.79
23-07-2019,1.81
22-07-2019,1.79
19-07-2019,1.8
18-07-2019,1.79
17-07-2019,1.75
16-07-2019,1.8
15-07-2019,1.77
12-07-2019,1.77
11-07-2019,1.77
10-07-2019,1.74
09-07-2019,1.71
08-07-2019,1.7
05-07-2019,1.69
03-07-2019,1.65
02-07-2019,1.65
01-07-2019,1.69
28-06-2019,1.69
27-06-2019,1.68
26-06-2019,1.7
25-06-2019,1.67
24-06-2019,1.71
21-06-2019,1.73
20-06-2019,1.74
19-06-2019,1.67
18-06-2019,1.64
17-06-2019,1.61
14-06-2019,1.63
13-06-2019,1.68
12-06-2019,1.71
11-06-2019,1.72
10-06-2019,1.73
07-06-2019,1.74
06-06-2019,1.73
05-06-2019,1.75
04-06-2019,1.74
03-06-2019,1.73
31-05-2019,1.74
30-05-2019,1.74
29-05-2019,1.75
28-05-2019,1.73
24-05-2019,1.76
23-05-2019,1.73
22-05-2019,1.79
21-05-2019,1.83
20-05-2019,1.81
17-05-2019,1.81
16-05-2019,1.84
15-05-2019,1.83
14-05-2019,1.86
13-05-2019,1.85
10-05-2019,1.88
09-05-2019,1.85
08-05-2019,1.87
07-05-2019,1.87
06-05-2019,1.91
03-05-2019,1.91
02-05-2019,1.89
01-05-2019,1.93
30-04-2019,1.95
29-04-2019,1.96
26-04-2019,1.97
25-04-2019,1.98
24-04-2019,1.96
23-04-2019,1.95
22-04-2019,1.95
18-04-2019,1.95
17-04-2019,1.94
16-04-2019,1.96
15-04-2019,1.94
12-04-2019,1.95
11-04-2019,1.94
10-04-2019,1.94
09-04-2019,1.91
08-04-2019,1.91
05-04-2019,1.9
04-04-2019,1.9
03-04-2019,1.91
02-04-2019,1.9
01-04-2019,1.9
29-03-2019,1.88
28-03-2019,1.83
27-03-2019,1.84
26-03-2019,1.86
25-03-2019,1.88
22-03-2019,1.9
21-03-2019,1.96
20-03-2019,1.96
19-03-2019,1.95
18-03-2019,1.96
15-03-2019,1.94
14-03-2019,1.94
13-03-2019,1.92
12-03-2019,1.9
11-03-2019,1.91
08-03-2019,1.9
07-03-2019,1.9
06-03-2019,1.91
05-03-2019,1.93
04-03-2019,1.94
01-03-2019,1.96
28-02-2019,1.95
27-02-2019,1.93
26-02-2019,1.92
25-02-2019,1.92
22-02-2019,1.91
21-02-2019,1.91
20-02-2019,1.89
19-02-2019,1.87
15-02-2019,1.86
14-02-2019,1.85
13-02-2019,1.86
12-02-2019,1.83
11-02-2019,1.82
08-02-2019,1.82
07-02-2019,1.84
06-02-2019,1.86
05-02-2019,1.87
04-02-2019,1.87
01-02-2019,1.88
31-01-2019,1.85
30-01-2019,1.84
29-01-2019,1.78
28-01-2019,1.78
25-01-2019,1.79
24-01-2019,1.77
23-01-2019,1.8
22-01-2019,1.79
18-01-2019,1.83
17-01-2019,1.79
16-01-2019,1.82
15-01-2019,1.81
14-01-2019,1.81
11-01-2019,1.83
10-01-2019,1.81
09-01-2019,1.83
08-01-2019,1.82
07-01-2019,1.78
04-01-2019,1.76
03-01-2019,1.68
02-01-2019,1.7
31-12-2018,1.71
28-12-2018,1.73
27-12-2018,1.74
26-12-2018,1.77
24-12-2018,1.75
21-12-2018,1.77
20-12-2018,1.76
19-12-2018,1.8
18-12-2018,1.81
17-12-2018,1.81
14-12-2018,1.82
13-12-2018,1.83
12-12-2018,1.83
11-12-2018,1.83
10-12-2018,1.86
07-12-2018,1.89
06-12-2018,1.9
04-12-2018,1.94
03-12-2018,1.96
30-11-2018,1.97
29-11-2018,1.98
28-11-2018,1.94
27-11-2018,1.91
26-11-2018,1.96
23-11-2018,1.96
21-11-2018,1.97
20-11-2018,1.97
19-11-2018,1.99
16-11-2018,2.02
15-11-2018,2
14-11-2018,2
13-11-2018,2.02
09-11-2018,2.04
08-11-2018,2.07
07-11-2018,2.07
06-11-2018,2.07
05-11-2018,2.06
02-11-2018,2.06
01-11-2018,2.02
31-10-2018,2.05
30-10-2018,2.05
29-10-2018,2.06
26-10-2018,2.06
25-10-2018,2.05
24-10-2018,2.07
23-10-2018,2.09
22-10-2018,2.11
19-10-2018,2.11
18-10-2018,2.1
17-10-2018,2.13
16-10-2018,2.13
15-10-2018,2.13
12-10-2018,2.12
11-10-2018,2.12
10-10-2018,2.16
09-10-2018,2.17
05-10-2018,2.16
04-10-2018,2.16
03-10-2018,2.16
02-10-2018,2.12
01-10-2018,2.14
28-09-2018,2.14
27-09-2018,2.15
26-09-2018,2.14
25-09-2018,2.16
24-09-2018,2.16
21-09-2018,2.15
20-09-2018,2.15
19-09-2018,2.15
18-09-2018,2.13
17-09-2018,2.1
14-09-2018,2.1
13-09-2018,2.1
12-09-2018,2.12
11-09-2018,2.12
10-09-2018,2.1
07-09-2018,2.1
06-09-2018,2.08
05-09-2018,2.09
04-09-2018,2.1
31-08-2018,2.08
30-08-2018,2.1
29-08-2018,2.12
28-08-2018,2.11
27-08-2018,2.11
24-08-2018,2.09
23-08-2018,2.09
22-08-2018,2.08
21-08-2018,2.08
20-08-2018,2.07
17-08-2018,2.08
16-08-2018,2.08
15-08-2018,2.08
14-08-2018,2.09
13-08-2018,2.1
10-08-2018,2.09
09-08-2018,2.11
08-08-2018,2.11
07-08-2018,2.13
06-08-2018,2.11
03-08-2018,2.12
02-08-2018,2.12
01-08-2018,2.13
31-07-2018,2.12
30-07-2018,2.13
27-07-2018,2.12
26-07-2018,2.11
25-07-2018,2.13
24-07-2018,2.11
23-07-2018,2.11
20-07-2018,2.11
19-07-2018,2.09
18-07-2018,2.09
17-07-2018,2.09
16-07-2018,2.1
13-07-2018,2.11
12-07-2018,2.1
11-07-2018,2.11
10-07-2018,2.13
09-07-2018,2.13
06-07-2018,2.12
05-07-2018,2.13
03-07-2018,2.12
02-07-2018,2.14
29-06-2018,2.11
28-06-2018,2.1
27-06-2018,2.11
26-06-2018,2.12
25-06-2018,2.1
22-06-2018,2.12
21-06-2018,2.11
20-06-2018,2.12
19-06-2018,2.12
18-06-2018,2.12
15-06-2018,2.12
14-06-2018,2.12
13-06-2018,2.12
12-06-2018,2.13
11-06-2018,2.13
08-06-2018,2.11
07-06-2018,2.13
06-06-2018,2.14
05-06-2018,2.13
04-06-2018,2.12
01-06-2018,2.09
31-05-2018,2.07
30-05-2018,2.06
29-05-2018,2.04
25-05-2018,2.09
24-05-2018,2.12
23-05-2018,2.14
22-05-2018,2.15
21-05-2018,2.16
18-05-2018,2.15
17-05-2018,2.16
16-05-2018,2.17
15-05-2018,2.18
14-05-2018,2.15
11-05-2018,2.15
10-05-2018,2.17
09-05-2018,2.18
08-05-2018,2.16
07-05-2018,2.17
04-05-2018,2.16
03-05-2018,2.16
02-05-2018,2.17
01-05-2018,2.16
30-04-2018,2.17
27-04-2018,2.17
26-04-2018,2.18
25-04-2018,2.17
24-04-2018,2.17
23-04-2018,2.18
20-04-2018,2.17
19-04-2018,2.17
18-04-2018,2.16
17-04-2018,2.14
16-04-2018,2.12
13-04-2018,2.13
12-04-2018,2.13
11-04-2018,2.11
10-04-2018,2.08
09-04-2018,2.07
06-04-2018,2.07
05-04-2018,2.08
04-04-2018,2.08
03-04-2018,2.08
02-04-2018,2.05
29-03-2018,2.05
28-03-2018,2.05
27-03-2018,2.07
26-03-2018,2.08
23-03-2018,2.07
22-03-2018,2.08
21-03-2018,2.09
20-03-2018,2.08
19-03-2018,2.08
16-03-2018,2.08
15-03-2018,2.08
14-03-2018,2.07
13-03-2018,2.09
12-03-2018,2.1
09-03-2018,2.12
08-03-2018,2.11
07-03-2018,2.13
06-03-2018,2.12
05-03-2018,2.13
02-03-2018,2.12
01-03-2018,2.1
28-02-2018,2.12
27-02-2018,2.13
26-02-2018,2.13
23-02-2018,2.12
22-02-2018,2.11
21-02-2018,2.12
20-02-2018,2.1
16-02-2018,2.09
15-02-2018,2.11
14-02-2018,2.09
13-02-2018,2.05
12-02-2018,2.07
09-02-2018,2.05
08-02-2018,2.09
07-02-2018,2.1
06-02-2018,2.1
05-02-2018,2.1
02-02-2018,2.14
01-02-2018,2.11
31-01-2018,2.11
30-01-2018,2.1
29-01-2018,2.09
26-01-2018,2.09
25-01-2018,2.07
24-01-2018,2.07
23-01-2018,2.06
22-01-2018,2.06
19-01-2018,2.06
18-01-2018,2.05
17-01-2018,2.04
16-01-2018,2.03
12-01-2018,2.01
11-01-2018,2
10-01-2018,2.03
09-01-2018,2.03
08-01-2018,2.02
05-01-2018,2.01
04-01-2018,2.01
03-01-2018,1.98
02-01-2018,2
29-12-2017,1.96
28-12-2017,1.96
27-12-2017,1.94
26-12-2017,1.94
22-12-2017,1.94
21-12-2017,1.93
20-12-2017,1.92
19-12-2017,1.91
18-12-2017,1.89
15-12-2017,1.88
14-12-2017,1.87
13-12-2017,1.88
12-12-2017,1.89
11-12-2017,1.88
08-12-2017,1.88
07-12-2017,1.87
06-12-2017,1.86
05-12-2017,1.86
04-12-2017,1.87
01-12-2017,1.86
30-11-2017,1.86
29-11-2017,1.84
28-11-2017,1.84
27-11-2017,1.83
24-11-2017,1.84
22-11-2017,1.84
21-11-2017,1.84
20-11-2017,1.85
17-11-2017,1.86
16-11-2017,1.84
15-11-2017,1.85
14-11-2017,1.87
13-11-2017,1.88
10-11-2017,1.88
09-11-2017,1.87
08-11-2017,1.87
07-11-2017,1.88
06-11-2017,1.86
03-11-2017,1.86
02-11-2017,1.87
01-11-2017,1.88
31-10-2017,1.88
30-10-2017,1.87
27-10-2017,1.88
26-10-2017,1.89
25-10-2017,1.88
24-10-2017,1.87
23-10-2017,1.86
20-10-2017,1.87
19-10-2017,1.84
18-10-2017,1.84
17-10-2017,1.82
16-10-2017,1.84
13-10-2017,1.85
12-10-2017,1.89
11-10-2017,1.89
10-10-2017,1.88
06-10-2017,1.87
05-10-2017,1.86
04-10-2017,1.85
03-10-2017,1.84
02-10-2017,1.83
29-09-2017,1.84
28-09-2017,1.87
27-09-2017,1.87
26-09-2017,1.84
25-09-2017,1.84
22-09-2017,1.84
21-09-2017,1.83
20-09-2017,1.85
19-09-2017,1.87
18-09-2017,1.87
15-09-2017,1.85
14-09-2017,1.85
13-09-2017,1.85
12-09-2017,1.84
11-09-2017,1.83
08-09-2017,1.81
07-09-2017,1.79
06-09-2017,1.78
05-09-2017,1.77
01-09-2017,1.79
31-08-2017,1.76
30-08-2017,1.76
29-08-2017,1.74
28-08-2017,1.75
25-08-2017,1.75
24-08-2017,1.75
23-08-2017,1.75
22-08-2017,1.77
21-08-2017,1.75
18-08-2017,1.76
17-08-2017,1.77
16-08-2017,1.78
15-08-2017,1.78
14-08-2017,1.77
11-08-2017,1.79
10-08-2017,1.8
09-08-2017,1.82
08-08-2017,1.83
07-08-2017,1.8
04-08-2017,1.8
03-08-2017,1.78
02-08-2017,1.79
01-08-2017,1.79
31-07-2017,1.82
28-07-2017,1.83
27-07-2017,1.83
26-07-2017,1.8
25-07-2017,1.81
24-07-2017,1.78
21-07-2017,1.76
20-07-2017,1.77
19-07-2017,1.76
18-07-2017,1.76
17-07-2017,1.77
14-07-2017,1.76
13-07-2017,1.77
12-07-2017,1.76
11-07-2017,1.75
10-07-2017,1.72
07-07-2017,1.73
06-07-2017,1.76
05-07-2017,1.75
03-07-2017,1.75
30-06-2017,1.73
29-06-2017,1.72
28-06-2017,1.73
27-06-2017,1.71
26-06-2017,1.71
23-06-2017,1.7
22-06-2017,1.69
21-06-2017,1.66
20-06-2017,1.66
19-06-2017,1.67
16-06-2017,1.67
15-06-2017,1.67
14-06-2017,1.71
13-06-2017,1.75
12-06-2017,1.75
09-06-2017,1.78
08-06-2017,1.78
07-06-2017,1.78
06-06-2017,1.77
05-06-2017,1.79
02-06-2017,1.79
01-06-2017,1.81
31-05-2017,1.81
30-05-2017,1.81
26-05-2017,1.81
25-05-2017,1.8
24-05-2017,1.81
23-05-2017,1.83
22-05-2017,1.82
19-05-2017,1.82
18-05-2017,1.8
17-05-2017,1.78
16-05-2017,1.82
15-05-2017,1.82
12-05-2017,1.84
11-05-2017,1.88
10-05-2017,1.85
09-05-2017,1.86
08-05-2017,1.86
05-05-2017,1.86
04-05-2017,1.86
03-05-2017,1.87
02-05-2017,1.88
01-05-2017,1.92
28-04-2017,1.92
27-04-2017,1.91
26-04-2017,1.9
25-04-2017,1.91
24-04-2017,1.87
21-04-2017,1.84
20-04-2017,1.85
19-04-2017,1.85
18-04-2017,1.85
17-04-2017,1.88
13-04-2017,1.92
12-04-2017,1.9
11-04-2017,1.91
10-04-2017,1.93
07-04-2017,1.94
06-04-2017,1.95
05-04-2017,1.97
04-04-2017,1.96
03-04-2017,1.96
31-03-2017,1.97
30-03-2017,1.96
29-03-2017,1.98
28-03-2017,1.97
27-03-2017,1.97
24-03-2017,1.98
23-03-2017,1.95
22-03-2017,1.97
21-03-2017,1.98
20-03-2017,2
17-03-2017,2.01
16-03-2017,2.02
15-03-2017,2.01
14-03-2017,1.99
13-03-2017,2.01
10-03-2017,2.01
09-03-2017,2
08-03-2017,2.01
07-03-2017,2.03
06-03-2017,2.01
03-03-2017,2.04
02-03-2017,2.01
01-03-2017,2.03
28-02-2017,2.02
27-02-2017,2.01
24-02-2017,2
23-02-2017,2.03
22-02-2017,2.04
21-02-2017,2.03
17-02-2017,2.01
16-02-2017,2.02
15-02-2017,2.06
14-02-2017,2.01
13-02-2017,2
10-02-2017,2.01
09-02-2017,1.99
08-02-2017,1.96
07-02-2017,2
06-02-2017,2.02
03-02-2017,2.05
02-02-2017,2.05
01-02-2017,2.05
31-01-2017,2.05
30-01-2017,2.07
27-01-2017,2.08
26-01-2017,2.08
25-01-2017,2.08
24-01-2017,2.06
23-01-2017,2.02
20-01-2017,2.04
19-01-2017,2.04
18-01-2017,2
17-01-2017,1.97
13-01-2017,1.99
12-01-2017,1.98
11-01-2017,1.99
10-01-2017,1.95
09-01-2017,1.95
06-01-2017,1.96
05-01-2017,1.95
04-01-2017,1.99
03-01-2017,1.98
30-12-2016,1.95
29-12-2016,1.94
28-12-2016,1.95
27-12-2016,1.99
23-12-2016,1.97
22-12-2016,1.95
21-12-2016,1.91
20-12-2016,1.9
19-12-2016,1.86
16-12-2016,1.86
15-12-2016,1.9
14-12-2016,1.94
13-12-2016,1.95
12-12-2016,1.98
09-12-2016,1.96
08-12-2016,1.95
07-12-2016,1.92
06-12-2016,1.95
05-12-2016,1.94
02-12-2016,1.91
01-12-2016,1.97
30-11-2016,1.94
29-11-2016,1.86
28-11-2016,1.85
25-11-2016,1.89
23-11-2016,1.92
22-11-2016,1.9
21-11-2016,1.91
18-11-2016,1.9
17-11-2016,1.87
16-11-2016,1.83
15-11-2016,1.82
14-11-2016,1.83
10-11-2016,1.88
09-11-2016,1.82
08-11-2016,1.73
07-11-2016,1.71
04-11-2016,1.68
03-11-2016,1.68
02-11-2016,1.7
01-11-2016,1.72
31-10-2016,1.73
28-10-2016,1.73
27-10-2016,1.72
26-10-2016,1.71
25-10-2016,1.7
24-10-2016,1.66
21-10-2016,1.67
20-10-2016,1.68
19-10-2016,1.68
18-10-2016,1.66
17-10-2016,1.68
14-10-2016,1.67
13-10-2016,1.63
12-10-2016,1.64
11-10-2016,1.64
07-10-2016,1.63
06-10-2016,1.64
05-10-2016,1.62
04-10-2016,1.62
03-10-2016,1.63
30-09-2016,1.6
29-09-2016,1.54
28-09-2016,1.56
27-09-2016,1.52
26-09-2016,1.54
23-09-2016,1.57
22-09-2016,1.55
21-09-2016,1.51
20-09-2016,1.49
19-09-2016,1.5
16-09-2016,1.51
15-09-2016,1.49
14-09-2016,1.49
13-09-2016,1.49
12-09-2016,1.51
09-09-2016,1.5
08-09-2016,1.52
07-09-2016,1.51
06-09-2016,1.49
02-09-2016,1.47
01-09-2016,1.45
31-08-2016,1.47
30-08-2016,1.46
29-08-2016,1.46
26-08-2016,1.47
25-08-2016,1.49
24-08-2016,1.48
23-08-2016,1.48
22-08-2016,1.47
19-08-2016,1.48
18-08-2016,1.47
17-08-2016,1.47
16-08-2016,1.44
15-08-2016,1.45
12-08-2016,1.44
11-08-2016,1.47
10-08-2016,1.44
09-08-2016,1.49
08-08-2016,1.51
05-08-2016,1.5
04-08-2016,1.47
03-08-2016,1.46
02-08-2016,1.44
01-08-2016,1.46
29-07-2016,1.49
28-07-2016,1.52
27-07-2016,1.49
26-07-2016,1.5
25-07-2016,1.5
22-07-2016,1.51
21-07-2016,1.52
20-07-2016,1.46
19-07-2016,1.44
18-07-2016,1.49
15-07-2016,1.49
14-07-2016,1.45
13-07-2016,1.45
12-07-2016,1.46
11-07-2016,1.42
08-07-2016,1.43
07-07-2016,1.43
06-07-2016,1.43
05-07-2016,1.4
01-07-2016,1.43
30-06-2016,1.4
29-06-2016,1.4
28-06-2016,1.37
27-06-2016,1.34
24-06-2016,1.42
23-06-2016,1.5
22-06-2016,1.44
21-06-2016,1.43
20-06-2016,1.43
17-06-2016,1.42
16-06-2016,1.42
15-06-2016,1.47
14-06-2016,1.45
13-06-2016,1.47
10-06-2016,1.52
09-06-2016,1.56
08-06-2016,1.59
07-06-2016,1.57
06-06-2016,1.54
03-06-2016,1.52
02-06-2016,1.54
01-06-2016,1.54
31-05-2016,1.54
27-05-2016,1.58
26-05-2016,1.58
25-05-2016,1.58
24-05-2016,1.55
23-05-2016,1.54
20-05-2016,1.56
19-05-2016,1.56
18-05-2016,1.61
17-05-2016,1.61
16-05-2016,1.6
13-05-2016,1.58
12-05-2016,1.6
11-05-2016,1.59
10-05-2016,1.62
09-05-2016,1.59
06-05-2016,1.61
05-05-2016,1.63
04-05-2016,1.63
03-05-2016,1.64
02-05-2016,1.68
29-04-2016,1.71
28-04-2016,1.72
27-04-2016,1.68
26-04-2016,1.67
25-04-2016,1.65
22-04-2016,1.64
21-04-2016,1.64
20-04-2016,1.62
19-04-2016,1.6
18-04-2016,1.57
15-04-2016,1.56
14-04-2016,1.56
13-04-2016,1.56
12-04-2016,1.57
11-04-2016,1.56
08-04-2016,1.58
07-04-2016,1.58
06-04-2016,1.59
05-04-2016,1.59
04-04-2016,1.64
01-04-2016,1.62
31-03-2016,1.62
30-03-2016,1.65
29-03-2016,1.61
28-03-2016,1.56
24-03-2016,1.57
23-03-2016,1.58
22-03-2016,1.63
21-03-2016,1.64
18-03-2016,1.61
17-03-2016,1.57
16-03-2016,1.58
15-03-2016,1.5
14-03-2016,1.52
11-03-2016,1.54
10-03-2016,1.48
09-03-2016,1.51
08-03-2016,1.46
07-03-2016,1.48
04-03-2016,1.51
03-03-2016,1.53
02-03-2016,1.51
01-03-2016,1.48
29-02-2016,1.42
26-02-2016,1.41
25-02-2016,1.39
24-02-2016,1.36
23-02-2016,1.32
22-02-2016,1.31
19-02-2016,1.26
18-02-2016,1.24
17-02-2016,1.28
16-02-2016,1.25
12-02-2016,1.25
11-02-2016,1.18
10-02-2016,1.21
09-02-2016,1.21
08-02-2016,1.23
05-02-2016,1.33
04-02-2016,1.36
03-02-2016,1.38
02-02-2016,1.36
01-02-2016,1.4
29-01-2016,1.41
28-01-2016,1.42
27-01-2016,1.4
26-01-2016,1.36
25-01-2016,1.34
22-01-2016,1.35
21-01-2016,1.28
20-01-2016,1.32
19-01-2016,1.38
15-01-2016,1.36
14-01-2016,1.43
13-01-2016,1.43
12-01-2016,1.43
11-01-2016,1.45
08-01-2016,1.48
07-01-2016,1.5
06-01-2016,1.53
05-01-2016,1.56
04-01-2016,1.55
31-12-2015,1.54
30-12-2015,1.54
29-12-2015,1.53
28-12-2015,1.5
24-12-2015,1.52
23-12-2015,1.51
22-12-2015,1.46
21-12-2015,1.45
18-12-2015,1.46
17-12-2015,1.47
16-12-2015,1.46
15-12-2015,1.48
14-12-2015,1.45
11-12-2015,1.46
10-12-2015,1.51
09-12-2015,1.53
08-12-2015,1.56
07-12-2015,1.56
04-12-2015,1.6
03-12-2015,1.61
02-12-2015,1.56
01-12-2015,1.57
30-11-2015,1.59
27-11-2015,1.6
25-11-2015,1.61
24-11-2015,1.62
23-11-2015,1.61
20-11-2015,1.6
19-11-2015,1.56
18-11-2015,1.56
17-11-2015,1.53
16-11-2015,1.51
13-11-2015,1.52
12-11-2015,1.54
10-11-2015,1.55
09-11-2015,1.6
06-11-2015,1.59
05-11-2015,1.55
04-11-2015,1.57
03-11-2015,1.58
02-11-2015,1.55
30-10-2015,1.53
29-10-2015,1.52
28-10-2015,1.47
27-10-2015,1.48
26-10-2015,1.48
23-10-2015,1.51
22-10-2015,1.47
21-10-2015,1.45
20-10-2015,1.48
19-10-2015,1.45
16-10-2015,1.48
15-10-2015,1.5
14-10-2015,1.49
13-10-2015,1.52
09-10-2015,1.54
08-10-2015,1.58
07-10-2015,1.55
06-10-2015,1.52
05-10-2015,1.51
02-10-2015,1.48
01-10-2015,1.46
30-09-2015,1.41
29-09-2015,1.39
28-09-2015,1.39
25-09-2015,1.46
24-09-2015,1.49
23-09-2015,1.52
22-09-2015,1.51
21-09-2015,1.54
18-09-2015,1.55
17-09-2015,1.58
16-09-2015,1.57
15-09-2015,1.56
14-09-2015,1.56
11-09-2015,1.59
10-09-2015,1.59
09-09-2015,1.56
08-09-2015,1.53
04-09-2015,1.51
03-09-2015,1.54
02-09-2015,1.56
01-09-2015,1.57
31-08-2015,1.63
28-08-2015,1.61
27-08-2015,1.58
26-08-2015,1.53
25-08-2015,1.53
24-08-2015,1.49
21-08-2015,1.53
20-08-2015,1.56
19-08-2015,1.57
18-08-2015,1.58
17-08-2015,1.58
14-08-2015,1.62
13-08-2015,1.62
12-08-2015,1.62
11-08-2015,1.66
10-08-2015,1.69
07-08-2015,1.66
06-08-2015,1.67
05-08-2015,1.7
04-08-2015,1.71
03-08-2015,1.7
31-07-2015,1.74
30-07-2015,1.77
29-07-2015,1.77
28-07-2015,1.75
27-07-2015,1.73
24-07-2015,1.76
23-07-2015,1.79
22-07-2015,1.8
21-07-2015,1.82
20-07-2015,1.82
17-07-2015,1.83
16-07-2015,1.84
15-07-2015,1.84
14-07-2015,1.85
13-07-2015,1.86
10-07-2015,1.87
09-07-2015,1.85
08-07-2015,1.83
07-07-2015,1.87
06-07-2015,1.87
02-07-2015,1.91
01-07-2015,1.89
30-06-2015,1.87
29-06-2015,1.87
26-06-2015,1.92
25-06-2015,1.91
24-06-2015,1.9
23-06-2015,1.92
22-06-2015,1.9
19-06-2015,1.86
18-06-2015,1.89
17-06-2015,1.9
16-06-2015,1.88
15-06-2015,1.85
12-06-2015,1.84
11-06-2015,1.83
10-06-2015,1.87
09-06-2015,1.86
08-06-2015,1.85
05-06-2015,1.86
04-06-2015,1.81
03-06-2015,1.83
02-06-2015,1.83
01-06-2015,1.8
29-05-2015,1.8
28-05-2015,1.8
27-05-2015,1.8
26-05-2015,1.82
22-05-2015,1.87
21-05-2015,1.84
20-05-2015,1.88
19-05-2015,1.85
18-05-2015,1.86
15-05-2015,1.83
14-05-2015,1.87
13-05-2015,1.86
12-05-2015,1.88
11-05-2015,1.88
08-05-2015,1.88
07-05-2015,1.88
06-05-2015,1.91
05-05-2015,1.94
04-05-2015,1.92
01-05-2015,1.94
30-04-2015,1.94
29-04-2015,1.92
28-04-2015,1.89
27-04-2015,1.91
24-04-2015,1.89
23-04-2015,1.89
22-04-2015,1.87
21-04-2015,1.86
20-04-2015,1.89
17-04-2015,1.89
16-04-2015,1.85
15-04-2015,1.84
14-04-2015,1.8
13-04-2015,1.8
10-04-2015,1.82
09-04-2015,1.84
08-04-2015,1.84
07-04-2015,1.85
06-04-2015,1.85
03-04-2015,1.83
02-04-2015,1.81
01-04-2015,1.8
31-03-2015,1.76
30-03-2015,1.73
27-03-2015,1.76
26-03-2015,1.8
25-03-2015,1.81
24-03-2015,1.77
23-03-2015,1.75
20-03-2015,1.76
19-03-2015,1.79
18-03-2015,1.7
17-03-2015,1.64
16-03-2015,1.65
13-03-2015,1.69
12-03-2015,1.71
11-03-2015,1.72
10-03-2015,1.73
09-03-2015,1.76
06-03-2015,1.83
05-03-2015,1.84
04-03-2015,1.87
03-03-2015,1.86
02-03-2015,1.83
27-02-2015,1.83
26-02-2015,1.79
25-02-2015,1.72
24-02-2015,1.72
23-02-2015,1.72
20-02-2015,1.75
19-02-2015,1.74
18-02-2015,1.71
17-02-2015,1.71
13-02-2015,1.68
12-02-2015,1.66
11-02-2015,1.68
10-02-2015,1.7
09-02-2015,1.71
06-02-2015,1.71
05-02-2015,1.7
04-02-2015,1.71
03-02-2015,1.7
02-02-2015,1.65
30-01-2015,1.65
29-01-2015,1.62
28-01-2015,1.61
27-01-2015,1.66
26-01-2015,1.61
23-01-2015,1.6
22-01-2015,1.61
21-01-2015,1.61
20-01-2015,1.59
16-01-2015,1.6
15-01-2015,1.58
14-01-2015,1.57
13-01-2015,1.54
12-01-2015,1.57
09-01-2015,1.62
08-01-2015,1.62
07-01-2015,1.57
06-01-2015,1.56
05-01-2015,1.64
02-01-2015,1.71
31-12-2014,1.68
30-12-2014,1.64
29-12-2014,1.65
26-12-2014,1.67
24-12-2014,1.68
23-12-2014,1.7
22-12-2014,1.7
19-12-2014,1.68
18-12-2014,1.65
17-12-2014,1.65
16-12-2014,1.65
15-12-2014,1.62
12-12-2014,1.64
11-12-2014,1.7
10-12-2014,1.71
09-12-2014,1.73
08-12-2014,1.71
05-12-2014,1.75
04-12-2014,1.77
03-12-2014,1.79
02-12-2014,1.77
01-12-2014,1.79
28-11-2014,1.79
26-11-2014,1.82
25-11-2014,1.85
24-11-2014,1.86
21-11-2014,1.86
20-11-2014,1.85
19-11-2014,1.83
18-11-2014,1.84
17-11-2014,1.86
14-11-2014,1.89
13-11-2014,1.88
12-11-2014,1.91
10-11-2014,1.94
07-11-2014,1.94
06-11-2014,1.94
05-11-2014,1.93
04-11-2014,1.92
03-11-2014,1.93
31-10-2014,1.92
30-10-2014,1.9
29-10-2014,1.92
28-10-2014,1.91
27-10-2014,1.89
24-10-2014,1.9
23-10-2014,1.91
22-10-2014,1.91
21-10-2014,1.9
20-10-2014,1.91
17-10-2014,1.92
16-10-2014,1.89
15-10-2014,1.86
14-10-2014,1.92
10-10-2014,1.96
09-10-2014,1.97
08-10-2014,1.96
07-10-2014,1.92
06-10-2014,1.93
03-10-2014,1.93
02-10-2014,1.95
01-10-2014,1.96
30-09-2014,1.97
29-09-2014,1.95
26-09-2014,1.97
25-09-2014,2.02
24-09-2014,2.03
23-09-2014,2.02
22-09-2014,1.99
19-09-2014,2.03
18-09-2014,2.02
17-09-2014,2.06
16-09-2014,2.12
15-09-2014,2.13
12-09-2014,2.13
11-09-2014,2.12
10-09-2014,2.1
09-09-2014,2.11
08-09-2014,2.13
05-09-2014,2.15
04-09-2014,2.17
03-09-2014,2.17
02-09-2014,2.15
29-08-2014,2.12
28-08-2014,2.13
27-08-2014,2.14
26-08-2014,2.14
25-08-2014,2.15
22-08-2014,2.14
21-08-2014,2.17
20-08-2014,2.17
19-08-2014,2.17
18-08-2014,2.18
15-08-2014,2.18
14-08-2014,2.21
13-08-2014,2.23
12-08-2014,2.24
11-08-2014,2.25
08-08-2014,2.25
07-08-2014,2.24
06-08-2014,2.25
05-08-2014,2.24
04-08-2014,2.25
01-08-2014,2.27
31-07-2014,2.29
30-07-2014,2.28
29-07-2014,2.27
28-07-2014,2.28
25-07-2014,2.28
24-07-2014,2.27
23-07-2014,2.23
22-07-2014,2.23
21-07-2014,2.24
18-07-2014,2.24
17-07-2014,2.23
16-07-2014,2.23
15-07-2014,2.25
14-07-2014,2.27
11-07-2014,2.28
10-07-2014,2.28
09-07-2014,2.29
08-07-2014,2.27
07-07-2014,2.27
03-07-2014,2.28
02-07-2014,2.26
01-07-2014,2.26
30-06-2014,2.26
27-06-2014,2.27
26-06-2014,2.27
25-06-2014,2.28
24-06-2014,2.28
23-06-2014,2.28
20-06-2014,2.28
19-06-2014,2.25
18-06-2014,2.23
17-06-2014,2.23
16-06-2014,2.2
13-06-2014,2.19
12-06-2014,2.19
11-06-2014,2.22
10-06-2014,2.21
09-06-2014,2.21
06-06-2014,2.2
05-06-2014,2.18
04-06-2014,2.17
03-06-2014,2.19
02-06-2014,2.22
30-05-2014,2.22
29-05-2014,2.23
28-05-2014,2.22
27-05-2014,2.21
23-05-2014,2.22
22-05-2014,2.21
21-05-2014,2.18
20-05-2014,2.17
19-05-2014,2.17
16-05-2014,2.18
15-05-2014,2.19
14-05-2014,2.17
13-05-2014,2.16
12-05-2014,2.18
09-05-2014,2.18
08-05-2014,2.19
07-05-2014,2.2
06-05-2014,2.16
05-05-2014,2.18
02-05-2014,2.19
01-05-2014,2.2
30-04-2014,2.18
29-04-2014,2.18
28-04-2014,2.18
25-04-2014,2.2
24-04-2014,2.21
23-04-2014,2.21
22-04-2014,2.21
21-04-2014,2.2
17-04-2014,2.21
16-04-2014,2.17
15-04-2014,2.14
14-04-2014,2.13
11-04-2014,2.13
10-04-2014,2.14
09-04-2014,2.14
08-04-2014,2.11
07-04-2014,2.12
04-04-2014,2.13
03-04-2014,2.14
02-04-2014,2.14
01-04-2014,2.14
31-03-2014,2.13
28-03-2014,2.13
27-03-2014,2.13
26-03-2014,2.14
25-03-2014,2.14
24-03-2014,2.15
21-03-2014,2.14
20-03-2014,2.13
19-03-2014,2.16
18-03-2014,2.18
17-03-2014,2.18
14-03-2014,2.17
13-03-2014,2.17
12-03-2014,2.19
11-03-2014,2.2
10-03-2014,2.22
07-03-2014,2.23
06-03-2014,2.21
05-03-2014,2.18
04-03-2014,2.18
03-03-2014,2.16
28-02-2014,2.17
27-02-2014,2.16
26-02-2014,2.16
25-02-2014,2.15
24-02-2014,2.16
21-02-2014,2.12
20-02-2014,2.13
19-02-2014,2.13
18-02-2014,2.14
14-02-2014,2.16
13-02-2014,2.17
12-02-2014,2.21
11-02-2014,2.19
10-02-2014,2.19
07-02-2014,2.18
06-02-2014,2.16
05-02-2014,2.14
04-02-2014,2.13
03-02-2014,2.14
31-01-2014,2.14
30-01-2014,2.15
29-01-2014,2.14
28-01-2014,2.15
27-01-2014,2.14
24-01-2014,2.14
23-01-2014,2.13
22-01-2014,2.25
21-01-2014,2.26
17-01-2014,2.26
16-01-2014,2.25
15-01-2014,2.28
14-01-2014,2.26
13-01-2014,2.27
10-01-2014,2.29
09-01-2014,2.31
08-01-2014,2.29
07-01-2014,2.26
06-01-2014,2.26
03-01-2014,2.26
02-01-2014,2.26
31-12-2013,2.24
30-12-2013,2.23
27-12-2013,2.22
26-12-2013,2.2
24-12-2013,2.19
23-12-2013,2.18
20-12-2013,2.16
19-12-2013,2.15
18-12-2013,2.17
17-12-2013,2.18
16-12-2013,2.18
13-12-2013,2.16
12-12-2013,2.14
11-12-2013,2.15
10-12-2013,2.12
09-12-2013,2.12
06-12-2013,2.11
05-12-2013,2.12
04-12-2013,2.11
03-12-2013,2.15
02-12-2013,2.15
29-11-2013,2.15
27-11-2013,2.16
26-11-2013,2.17
25-11-2013,2.18
22-11-2013,2.19
21-11-2013,2.19
20-11-2013,2.16
19-11-2013,2.18
18-11-2013,2.19
15-11-2013,2.18
14-11-2013,2.18
13-11-2013,2.17
12-11-2013,2.18
08-11-2013,2.18
07-11-2013,2.17
06-11-2013,2.19
05-11-2013,2.14
04-11-2013,2.13
01-11-2013,2.15
31-10-2013,2.17
30-10-2013,2.18
29-10-2013,2.18
28-10-2013,2.19
25-10-2013,2.19
24-10-2013,2.17
23-10-2013,2.15
22-10-2013,2.17
21-10-2013,2.19
18-10-2013,2.18
17-10-2013,2.16
16-10-2013,2.19
15-10-2013,2.21
11-10-2013,2.2
10-10-2013,2.21
09-10-2013,2.21
08-10-2013,2.18
07-10-2013,2.2
04-10-2013,2.2
03-10-2013,2.19
02-10-2013,2.2
01-10-2013,2.2
30-09-2013,2.19
27-09-2013,2.18
26-09-2013,2.19
25-09-2013,2.18
24-09-2013,2.19
23-09-2013,2.26
20-09-2013,2.23
19-09-2013,2.21
18-09-2013,2.2
17-09-2013,2.16
16-09-2013,2.12
13-09-2013,2.1
12-09-2013,2.11
11-09-2013,2.13
10-09-2013,2.1
09-09-2013,2.06
06-09-2013,2.07
05-09-2013,2.06
04-09-2013,2.07
03-09-2013,2.1
30-08-2013,2.1
29-08-2013,2.1
28-08-2013,2.15
27-08-2013,2.15
26-08-2013,2.15
23-08-2013,2.13
22-08-2013,2.11
21-08-2013,2.14
20-08-2013,2.15
19-08-2013,2.13
16-08-2013,2.16
15-08-2013,2.17
14-08-2013,2.21
13-08-2013,2.23
12-08-2013,2.24
09-08-2013,2.24
08-08-2013,2.24
07-08-2013,2.26
06-08-2013,2.28
05-08-2013,2.25
02-08-2013,2.21
01-08-2013,2.26
31-07-2013,2.22
30-07-2013,2.17
29-07-2013,2.16
26-07-2013,2.15
25-07-2013,2.17
24-07-2013,2.17
23-07-2013,2.2
22-07-2013,2.22
19-07-2013,2.21
18-07-2013,2.18
17-07-2013,2.14
16-07-2013,2.14
15-07-2013,2.1
12-07-2013,2.06
11-07-2013,2.04
10-07-2013,2.06
09-07-2013,2.06
08-07-2013,2.07
05-07-2013,2.07
03-07-2013,2.04
02-07-2013,2.04
01-07-2013,2.02
28-06-2013,1.99
27-06-2013,1.99
26-06-2013,1.95
25-06-2013,1.96
24-06-2013,1.93
21-06-2013,1.93
20-06-2013,1.95
19-06-2013,2.04
18-06-2013,2.06
17-06-2013,2.04
14-06-2013,2.05
13-06-2013,2.04
12-06-2013,2.04
11-06-2013,2.07
10-06-2013,2.11
07-06-2013,2.14
06-06-2013,2.13
05-06-2013,2.16
04-06-2013,2.19
03-06-2013,2.2
31-05-2013,2.21
30-05-2013,2.18
29-05-2013,2.23
28-05-2013,2.29
24-05-2013,2.27
23-05-2013,2.26
22-05-2013,2.27
21-05-2013,2.28
20-05-2013,2.28
17-05-2013,2.26
16-05-2013,2.27
15-05-2013,2.3
14-05-2013,2.33
13-05-2013,2.33
10-05-2013,2.35
09-05-2013,2.31
08-05-2013,2.29
07-05-2013,2.32
06-05-2013,2.31
03-05-2013,2.31
02-05-2013,2.28
01-05-2013,2.3
30-04-2013,2.34
29-04-2013,2.37
26-04-2013,2.38
25-04-2013,2.4
24-04-2013,2.38
23-04-2013,2.38
22-04-2013,2.35
19-04-2013,2.32
18-04-2013,2.27
17-04-2013,2.37
16-04-2013,2.4
15-04-2013,2.41
12-04-2013,2.43
11-04-2013,2.47
10-04-2013,2.44
09-04-2013,2.45
08-04-2013,2.45
05-04-2013,2.46
04-04-2013,2.48
03-04-2013,2.48
02-04-2013,2.51
01-04-2013,2.51
28-03-2013,2.51
27-03-2013,2.51
26-03-2013,2.53
25-03-2013,2.53
22-03-2013,2.53
21-03-2013,2.52
20-03-2013,2.53
19-03-2013,2.53
18-03-2013,2.56
15-03-2013,2.56
14-03-2013,2.57
13-03-2013,2.56
12-03-2013,2.55
11-03-2013,2.57
08-03-2013,2.56
07-03-2013,2.56
06-03-2013,2.56
05-03-2013,2.55
04-03-2013,2.53
01-03-2013,2.53
28-02-2013,2.53
27-02-2013,2.52
26-02-2013,2.5
25-02-2013,2.5
22-02-2013,2.54
21-02-2013,2.53
20-02-2013,2.54
19-02-2013,2.55
15-02-2013,2.54
14-02-2013,2.56
13-02-2013,2.59
12-02-2013,2.59
11-02-2013,2.57
08-02-2013,2.56
07-02-2013,2.57
06-02-2013,2.58
05-02-2013,2.59
04-02-2013,2.59
01-02-2013,2.59
31-01-2013,2.59
30-01-2013,2.57
29-01-2013,2.56
28-01-2013,2.55
25-01-2013,2.54
24-01-2013,2.5
23-01-2013,2.52
22-01-2013,2.54
18-01-2013,2.53
17-01-2013,2.53
16-01-2013,2.49
15-01-2013,2.52
14-01-2013,2.55
11-01-2013,2.52
10-01-2013,2.53
09-01-2013,2.52
08-01-2013,2.49
07-01-2013,2.52
04-01-2013,2.48
03-01-2013,2.46
02-01-2013,2.48
31-12-2012,2.45
28-12-2012,2.46
27-12-2012,2.47
26-12-2012,2.48
24-12-2012,2.48
21-12-2012,2.48
20-12-2012,2.5
19-12-2012,2.48
18-12-2012,2.51
17-12-2012,2.48
14-12-2012,2.46
13-12-2012,2.47
12-12-2012,2.51
11-12-2012,2.5
10-12-2012,2.5
07-12-2012,2.5
06-12-2012,2.46
05-12-2012,2.45
04-12-2012,2.45
03-12-2012,2.44
30-11-2012,2.41
29-11-2012,2.4
28-11-2012,2.38
27-11-2012,2.38
26-11-2012,2.39
23-11-2012,2.42
21-11-2012,2.4
20-11-2012,2.4
19-11-2012,2.39
16-11-2012,2.39
15-11-2012,2.38
14-11-2012,2.4
13-11-2012,2.43
09-11-2012,2.44
08-11-2012,2.47
07-11-2012,2.48
06-11-2012,2.5
05-11-2012,2.47
02-11-2012,2.48
01-11-2012,2.52
31-10-2012,2.5
29-10-2012,2.47
26-10-2012,2.47
25-10-2012,2.49
24-10-2012,2.49
23-10-2012,2.5
22-10-2012,2.53
19-10-2012,2.5
18-10-2012,2.52
17-10-2012,2.48
16-10-2012,2.46
15-10-2012,2.48
12-10-2012,2.47
11-10-2012,2.47
10-10-2012,2.52
09-10-2012,2.55
05-10-2012,2.57
04-10-2012,2.56
03-10-2012,2.47
02-10-2012,2.47
01-10-2012,2.42
28-09-2012,2.42
27-09-2012,2.44
26-09-2012,2.41
25-09-2012,2.44
24-09-2012,2.47
21-09-2012,2.48
20-09-2012,2.5
19-09-2012,2.54
18-09-2012,2.55
17-09-2012,2.59
14-09-2012,2.64
13-09-2012,2.47
12-09-2012,2.38
11-09-2012,2.38
10-09-2012,2.36
07-09-2012,2.35
06-09-2012,2.31
05-09-2012,2.29
04-09-2012,2.27
31-08-2012,2.25
30-08-2012,2.26
29-08-2012,2.3
28-08-2012,2.32
27-08-2012,2.29
24-08-2012,2.28
23-08-2012,2.3
22-08-2012,2.26
21-08-2012,2.25
20-08-2012,2.25
17-08-2012,2.24
16-08-2012,2.25
15-08-2012,2.25
14-08-2012,2.26
13-08-2012,2.23
10-08-2012,2.25
09-08-2012,2.27
08-08-2012,2.29
07-08-2012,2.31
06-08-2012,2.27
03-08-2012,2.26
02-08-2012,2.2
01-08-2012,2.23
31-07-2012,2.2
30-07-2012,2.17
27-07-2012,2.19
26-07-2012,2.11
25-07-2012,2.1
24-07-2012,2.12
23-07-2012,2.15
20-07-2012,2.16
19-07-2012,2.16
18-07-2012,2.12
17-07-2012,2.12
16-07-2012,2.11
13-07-2012,2.11
12-07-2012,2.08
11-07-2012,2.11
10-07-2012,2.12
09-07-2012,2.1
06-07-2012,2.1
05-07-2012,2.13
03-07-2012,2.13
02-07-2012,2.11
29-06-2012,2.13
28-06-2012,2.08
27-06-2012,2.1
26-06-2012,2.11
25-06-2012,2.1
22-06-2012,2.11
21-06-2012,2.1
20-06-2012,2.16
19-06-2012,2.17
18-06-2012,2.13
15-06-2012,2.14
14-06-2012,2.11
13-06-2012,2.12
12-06-2012,2.15
11-06-2012,2.13
08-06-2012,2.15
07-06-2012,2.15
06-06-2012,2.16
05-06-2012,2.13
04-06-2012,2.09
01-06-2012,2.06
31-05-2012,2.09
30-05-2012,2.08
29-05-2012,2.11
25-05-2012,2.13
24-05-2012,2.14
23-05-2012,2.14
22-05-2012,2.17
21-05-2012,2.16
18-05-2012,2.1
17-05-2012,2.05
16-05-2012,2.09
15-05-2012,2.12
14-05-2012,2.11
11-05-2012,2.12
10-05-2012,2.14
09-05-2012,2.14
08-05-2012,2.16
07-05-2012,2.19
04-05-2012,2.21
03-05-2012,2.23
02-05-2012,2.24
01-05-2012,2.26
30-04-2012,2.25
27-04-2012,2.26
26-04-2012,2.27
25-04-2012,2.25
24-04-2012,2.25
23-04-2012,2.22
20-04-2012,2.23
19-04-2012,2.19
18-04-2012,2.26
17-04-2012,2.29
16-04-2012,2.26
13-04-2012,2.27
12-04-2012,2.3
11-04-2012,2.3
10-04-2012,2.25
09-04-2012,2.23
06-04-2012,2.23
05-04-2012,2.27
04-04-2012,2.3
03-04-2012,2.36
02-04-2012,2.36
30-03-2012,2.32
29-03-2012,2.31
28-03-2012,2.32
27-03-2012,2.33
26-03-2012,2.34
23-03-2012,2.36
22-03-2012,2.37
21-03-2012,2.39
20-03-2012,2.42
19-03-2012,2.42
16-03-2012,2.4
15-03-2012,2.37
14-03-2012,2.36
13-03-2012,2.34
12-03-2012,2.28
09-03-2012,2.28
08-03-2012,2.24
07-03-2012,2.2
06-03-2012,2.17
05-03-2012,2.2
02-03-2012,2.23
01-03-2012,2.26
29-02-2012,2.26
28-02-2012,2.25
27-02-2012,2.24
24-02-2012,2.27
23-02-2012,2.29
22-02-2012,2.28
21-02-2012,2.27
17-02-2012,2.24
16-02-2012,2.23
15-02-2012,2.19
14-02-2012,2.19
13-02-2012,2.21
10-02-2012,2.2
09-02-2012,2.21
08-02-2012,2.22
07-02-2012,2.21
06-02-2012,2.19
03-02-2012,2.18
02-02-2012,2.16
01-02-2012,2.15
31-01-2012,2.11
30-01-2012,2.11
27-01-2012,2.11
26-01-2012,2.12
25-01-2012,2.13
24-01-2012,2.09
23-01-2012,2.07
20-01-2012,2.04
19-01-2012,2.01
18-01-2012,2.07
17-01-2012,2.04
13-01-2012,2.03
12-01-2012,2.04
11-01-2012,2.03
10-01-2012,2.08
09-01-2012,2.11
06-01-2012,2.09
05-01-2012,2.12
04-01-2012,2.08
03-01-2012,2.01
30-12-2011,1.96
29-12-2011,1.96
28-12-2011,2
27-12-2011,2.04
23-12-2011,2.07
22-12-2011,2.04
21-12-2011,2.05
20-12-2011,2.04
19-12-2011,1.94
16-12-2011,1.91
15-12-2011,1.93
14-12-2011,1.96
13-12-2011,2.01
12-12-2011,2.04
09-12-2011,2.02
08-12-2011,1.98
07-12-2011,2.03
06-12-2011,2.07
05-12-2011,2.05
02-12-2011,2.05
01-12-2011,2.05
30-11-2011,2.05
29-11-2011,1.99
28-11-2011,1.95
25-11-2011,1.92
23-11-2011,1.9
22-11-2011,1.89
21-11-2011,1.9
18-11-2011,1.96
17-11-2011,1.9
16-11-2011,1.96
15-11-2011,2.02
14-11-2011,2.05
10-11-2011,2.08
09-11-2011,2.04
08-11-2011,2.13
07-11-2011,2.14
04-11-2011,2.12
03-11-2011,2.09
02-11-2011,2.1
01-11-2011,2.05
31-10-2011,2.09
28-10-2011,2.15
27-10-2011,2.18
26-10-2011,2.08
25-10-2011,2.02
24-10-2011,2.02
21-10-2011,2
20-10-2011,1.98
19-10-2011,1.95
18-10-2011,1.97
17-10-2011,1.94
14-10-2011,1.98
13-10-2011,1.92
12-10-2011,1.98
11-10-2011,1.95
07-10-2011,1.94
06-10-2011,1.88
05-10-2011,1.8
04-10-2011,1.76
03-10-2011,1.73
30-09-2011,1.75
29-09-2011,1.82
28-09-2011,1.87
27-09-2011,1.88
26-09-2011,1.79
23-09-2011,1.74
22-09-2011,1.71
21-09-2011,1.86
20-09-2011,1.91
19-09-2011,1.88
16-09-2011,1.95
15-09-2011,1.96
14-09-2011,1.91
13-09-2011,1.93
12-09-2011,1.94
09-09-2011,1.96
08-09-2011,2
07-09-2011,1.96
06-09-2011,1.93
02-09-2011,2.02
01-09-2011,2.08
31-08-2011,2.05
30-08-2011,2.05
29-08-2011,2.06
26-08-2011,2.04
25-08-2011,2.1
24-08-2011,2.04
23-08-2011,2.02
22-08-2011,2.07
19-08-2011,2.05
18-08-2011,1.99
17-08-2011,2.16
16-08-2011,2.18
15-08-2011,2.23
12-08-2011,2.26
11-08-2011,2.28
10-08-2011,2.3
09-08-2011,2.2
08-08-2011,2.2
05-08-2011,2.26
04-08-2011,2.23
03-08-2011,2.28
02-08-2011,2.37
01-08-2011,2.44
29-07-2011,2.44
28-07-2011,2.46
27-07-2011,2.45
26-07-2011,2.42
25-07-2011,2.45
22-07-2011,2.38
21-07-2011,2.35
20-07-2011,2.34
19-07-2011,2.37
18-07-2011,2.36
15-07-2011,2.33
14-07-2011,2.3
13-07-2011,2.33
12-07-2011,2.32
11-07-2011,2.31
08-07-2011,2.34
07-07-2011,2.42
06-07-2011,2.38
05-07-2011,2.39
01-07-2011,2.45
30-06-2011,2.43
29-06-2011,2.4
28-06-2011,2.32
27-06-2011,2.28
24-06-2011,2.24
23-06-2011,2.22
22-06-2011,2.19
21-06-2011,2.21
20-06-2011,2.18
17-06-2011,2.19
16-06-2011,2.2
15-06-2011,2.24
14-06-2011,2.28
13-06-2011,2.2
10-06-2011,2.2
09-06-2011,2.21
08-06-2011,2.22
07-06-2011,2.25
06-06-2011,2.25
03-06-2011,2.24
02-06-2011,2.26
01-06-2011,2.22
31-05-2011,2.25
27-05-2011,2.28
26-05-2011,2.31
25-05-2011,2.33
24-05-2011,2.33
23-05-2011,2.29
20-05-2011,2.3
19-05-2011,2.26
18-05-2011,2.36
17-05-2011,2.3
16-05-2011,2.34
13-05-2011,2.39
12-05-2011,2.43
11-05-2011,2.43
10-05-2011,2.49
09-05-2011,2.48
06-05-2011,2.48
05-05-2011,2.48
04-05-2011,2.55
03-05-2011,2.55
02-05-2011,2.56
29-04-2011,2.57
28-04-2011,2.56
27-04-2011,2.58
26-04-2011,2.58
25-04-2011,2.6
21-04-2011,2.59
20-04-2011,2.61
19-04-2011,2.63
18-04-2011,2.6
15-04-2011,2.61
14-04-2011,2.62
13-04-2011,2.61
12-04-2011,2.62
11-04-2011,2.63
08-04-2011,2.64
07-04-2011,2.59
06-04-2011,2.57
05-04-2011,2.56
04-04-2011,2.54
01-04-2011,2.52
31-03-2011,2.48
30-03-2011,2.47
29-03-2011,2.47
28-03-2011,2.46
25-03-2011,2.44
24-03-2011,2.47
23-03-2011,2.38
22-03-2011,2.39
21-03-2011,2.44
18-03-2011,2.43
17-03-2011,2.43
16-03-2011,2.37
15-03-2011,2.4
14-03-2011,2.43
11-03-2011,2.44
10-03-2011,2.46
09-03-2011,2.5
08-03-2011,2.55
07-03-2011,2.51
04-03-2011,2.49
03-03-2011,2.49
02-03-2011,2.45
01-03-2011,2.41
28-02-2011,2.39
25-02-2011,2.4
24-02-2011,2.41
23-02-2011,2.39
22-02-2011,2.34
18-02-2011,2.34
17-02-2011,2.27
16-02-2011,2.25
15-02-2011,2.28
14-02-2011,2.28
11-02-2011,2.28
10-02-2011,2.31
09-02-2011,2.31
08-02-2011,2.36
07-02-2011,2.36
04-02-2011,2.38
03-02-2011,2.35
02-02-2011,2.36
01-02-2011,2.37
31-01-2011,2.34
28-01-2011,2.27
27-01-2011,2.26
26-01-2011,2.29
25-01-2011,2.24
24-01-2011,2.25
21-01-2011,2.24
20-01-2011,2.25
19-01-2011,2.38
18-01-2011,2.4
14-01-2011,2.35
13-01-2011,2.37
12-01-2011,2.42
11-01-2011,2.4
10-01-2011,2.36
07-01-2011,2.36
06-01-2011,2.41
05-01-2011,2.42
04-01-2011,2.35
03-01-2011,2.31
31-12-2010,2.3
30-12-2010,2.3
29-12-2010,2.29
28-12-2010,2.33
27-12-2010,2.3
23-12-2010,2.33
22-12-2010,2.33
21-12-2010,2.29
20-12-2010,2.29
17-12-2010,2.28
16-12-2010,2.32
15-12-2010,2.31
14-12-2010,2.22
13-12-2010,2.18
10-12-2010,2.16
09-12-2010,2.14
08-12-2010,2.19
07-12-2010,2.23
06-12-2010,2.16
03-12-2010,2.17
02-12-2010,2.17
01-12-2010,2.14
30-11-2010,2.07
29-11-2010,2.11
26-11-2010,2.12
24-11-2010,2.13
23-11-2010,2.08
22-11-2010,2.1
19-11-2010,2.11
18-11-2010,2.07
17-11-2010,2.05
16-11-2010,1.98
15-11-2010,2.05
12-11-2010,2.05
10-11-2010,2.09
09-11-2010,2.14
08-11-2010,2.12
05-11-2010,2.1
04-11-2010,2.09
03-11-2010,2.17
02-11-2010,2.14
01-11-2010,2.17
29-10-2010,2.13
28-10-2010,2.12
27-10-2010,2.13
26-10-2010,2.15
25-10-2010,2.14
22-10-2010,2.09
21-10-2010,2.07
20-10-2010,2.04
19-10-2010,2.06
18-10-2010,2.05
15-10-2010,2.09
14-10-2010,2.11
13-10-2010,2.02
12-10-2010,1.95
08-10-2010,1.96
07-10-2010,1.88
06-10-2010,1.89
05-10-2010,1.85
04-10-2010,1.78
01-10-2010,1.79
30-09-2010,1.78
29-09-2010,1.78
28-09-2010,1.79
27-09-2010,1.75
24-09-2010,1.81
23-09-2010,1.79
22-09-2010,1.82
21-09-2010,1.83
20-09-2010,1.78
17-09-2010,1.75
16-09-2010,1.77
15-09-2010,1.77
14-09-2010,1.75
13-09-2010,1.8
10-09-2010,1.79
09-09-2010,1.72
08-09-2010,1.64
07-09-2010,1.63
03-09-2010,1.62
02-09-2010,1.58
01-09-2010,1.56
31-08-2010,1.52
30-08-2010,1.55
27-08-2010,1.61
26-08-2010,1.55
25-08-2010,1.53
24-08-2010,1.49
23-08-2010,1.55
20-08-2010,1.57
19-08-2010,1.56
18-08-2010,1.62
17-08-2010,1.63
16-08-2010,1.63
13-08-2010,1.68
12-08-2010,1.69
11-08-2010,1.77
10-08-2010,1.84
09-08-2010,1.82
06-08-2010,1.82
05-08-2010,1.87
04-08-2010,1.86
03-08-2010,1.87
02-08-2010,1.86
30-07-2010,1.8
29-07-2010,1.82
28-07-2010,1.81
27-07-2010,1.82
26-07-2010,1.79
23-07-2010,1.78
22-07-2010,1.75
21-07-2010,1.71
20-07-2010,1.7
19-07-2010,1.7
16-07-2010,1.71
15-07-2010,1.79
14-07-2010,1.84
13-07-2010,1.87
12-07-2010,1.82
09-07-2010,1.81
08-07-2010,1.79
07-07-2010,1.7
06-07-2010,1.69
02-07-2010,1.73
01-07-2010,1.75
30-06-2010,1.82
29-06-2010,1.83
28-06-2010,1.88
25-06-2010,1.91
24-06-2010,1.91
23-06-2010,1.94
22-06-2010,1.98
21-06-2010,2.02
18-06-2010,1.99
17-06-2010,1.99
16-06-2010,1.99
15-06-2010,2
14-06-2010,1.97
11-06-2010,1.95
10-06-2010,1.98
09-06-2010,1.92
08-06-2010,1.89
07-06-2010,1.92
04-06-2010,1.94
03-06-2010,2.05
02-06-2010,1.99
01-06-2010,1.97
28-05-2010,1.99
27-05-2010,2.01
26-05-2010,1.91
25-05-2010,1.85
24-05-2010,1.88
21-05-2010,1.87
20-05-2010,1.89
19-05-2010,2.04
18-05-2010,2.13
17-05-2010,2.16
14-05-2010,2.18
13-05-2010,2.27
12-05-2010,2.28
11-05-2010,2.25
10-05-2010,2.24
07-05-2010,2.15
06-05-2010,2.16
05-05-2010,2.28
04-05-2010,2.32
03-05-2010,2.4
30-04-2010,2.4
29-04-2010,2.45
28-04-2010,2.4
27-04-2010,2.34
26-04-2010,2.37
23-04-2010,2.37
22-04-2010,2.34
21-04-2010,2.35
20-04-2010,2.35
19-04-2010,2.34
16-04-2010,2.33
15-04-2010,2.37
14-04-2010,2.34
13-04-2010,2.34
12-04-2010,2.35
09-04-2010,2.34
08-04-2010,2.33
07-04-2010,2.34
06-04-2010,2.3
05-04-2010,2.31
02-04-2010,2.27
01-04-2010,2.28
31-03-2010,2.24
30-03-2010,2.22
29-03-2010,2.22
26-03-2010,2.24
25-03-2010,2.26
24-03-2010,2.24
23-03-2010,2.2
22-03-2010,2.19
19-03-2010,2.2
18-03-2010,2.23
17-03-2010,2.25
16-03-2010,2.24
15-03-2010,2.25
12-03-2010,2.26
11-03-2010,2.24
10-03-2010,2.24
09-03-2010,2.23
08-03-2010,2.23
05-03-2010,2.21
04-03-2010,2.17
03-03-2010,2.17
02-03-2010,2.16
01-03-2010,2.15
26-02-2010,2.13
25-02-2010,2.13
24-02-2010,2.19
23-02-2010,2.19
22-02-2010,2.25
19-02-2010,2.26
18-02-2010,2.31
17-02-2010,2.28
16-02-2010,2.24
12-02-2010,2.23
11-02-2010,2.26
10-02-2010,2.28
09-02-2010,2.3
08-02-2010,2.27
05-02-2010,2.27
04-02-2010,2.35
03-02-2010,2.43
02-02-2010,2.41
01-02-2010,2.39
29-01-2010,2.33
28-01-2010,2.33
27-01-2010,2.31
26-01-2010,2.34
25-01-2010,2.33
22-01-2010,2.31
21-01-2010,2.33
20-01-2010,2.37
19-01-2010,2.38
15-01-2010,2.36
14-01-2010,2.36
13-01-2010,2.37
12-01-2010,2.39
11-01-2010,2.38
08-01-2010,2.42
07-01-2010,2.41
06-01-2010,2.37
05-01-2010,2.34
04-01-2010,2.38
31-12-2009,2.37
30-12-2009,2.36
29-12-2009,2.36
28-12-2009,2.35
24-12-2009,2.32
23-12-2009,2.31
22-12-2009,2.33
21-12-2009,2.3
18-12-2009,2.24
17-12-2009,2.22
16-12-2009,2.27
15-12-2009,2.23
14-12-2009,2.19
11-12-2009,2.14
10-12-2009,2.09
09-12-2009,2.09
08-12-2009,2.09
07-12-2009,2.13
04-12-2009,2.14
03-12-2009,2.15
02-12-2009,2.14
01-12-2009,2.14
30-11-2009,2.08
27-11-2009,2.06
25-11-2009,2.12
24-11-2009,2.11
23-11-2009,2.17
20-11-2009,2.15
19-11-2009,2.14
18-11-2009,2.15
17-11-2009,2.13
16-11-2009,2.12
13-11-2009,2.12
12-11-2009,2.12
10-11-2009,2.19
09-11-2009,2.22
06-11-2009,2.17
05-11-2009,2.16
04-11-2009,2.12
03-11-2009,2.05
02-11-2009,2.04
30-10-2009,2
29-10-2009,2.03
28-10-2009,1.96
27-10-2009,2
26-10-2009,2
23-10-2009,2
22-10-2009,1.95
21-10-2009,1.99
20-10-2009,1.98
19-10-2009,2.03
16-10-2009,1.98
15-10-2009,1.99
14-10-2009,1.94
13-10-2009,1.88
09-10-2009,1.84
08-10-2009,1.78
07-10-2009,1.76
06-10-2009,1.74
05-10-2009,1.73
02-10-2009,1.7
01-10-2009,1.71
30-09-2009,1.75
29-09-2009,1.72
28-09-2009,1.74
25-09-2009,1.74
24-09-2009,1.76
23-09-2009,1.81
22-09-2009,1.81
21-09-2009,1.8
18-09-2009,1.81
17-09-2009,1.8
16-09-2009,1.86
15-09-2009,1.83
14-09-2009,1.77
11-09-2009,1.75
10-09-2009,1.77
09-09-2009,1.82
08-09-2009,1.81
04-09-2009,1.75
03-09-2009,1.64
02-09-2009,1.58
01-09-2009,1.64
31-08-2009,1.64
28-08-2009,1.7
27-08-2009,1.72
26-08-2009,1.72
25-08-2009,1.73
24-08-2009,1.81
21-08-2009,1.87
20-08-2009,1.82
19-08-2009,1.75
18-08-2009,1.73
17-08-2009,1.69
14-08-2009,1.7
13-08-2009,1.79
12-08-2009,1.88
11-08-2009,1.91
10-08-2009,1.97
07-08-2009,2.01
06-08-2009,1.92
05-08-2009,1.95
04-08-2009,1.89
03-08-2009,1.88
31-07-2009,1.81
30-07-2009,1.89
29-07-2009,1.85
28-07-2009,1.86
27-07-2009,1.9
24-07-2009,1.89
23-07-2009,1.92
22-07-2009,1.83
21-07-2009,1.79
20-07-2009,1.88
17-07-2009,1.86
16-07-2009,1.77
15-07-2009,1.76
14-07-2009,1.64
13-07-2009,1.54
10-07-2009,1.52
09-07-2009,1.57
08-07-2009,1.54
07-07-2009,1.6
06-07-2009,1.49
02-07-2009,1.64
01-07-2009,1.72
30-06-2009,1.75
29-06-2009,1.68
26-06-2009,1.67
25-06-2009,1.73
24-06-2009,1.79
23-06-2009,1.81
22-06-2009,1.83
19-06-2009,1.88
18-06-2009,1.88
17-06-2009,1.73
16-06-2009,1.79
15-06-2009,1.86
12-06-2009,1.9
11-06-2009,1.99
10-06-2009,2.07
09-06-2009,1.98
08-06-2009,1.97
05-06-2009,1.96
04-06-2009,1.89
03-06-2009,1.88
02-06-2009,1.96
01-06-2009,1.91
29-05-2009,1.8
28-05-2009,1.8
27-05-2009,1.88
26-05-2009,1.78
22-05-2009,1.73
21-05-2009,1.68
20-05-2009,1.63
19-05-2009,1.6
18-05-2009,1.56
15-05-2009,1.48
14-05-2009,1.42
13-05-2009,1.44
12-05-2009,1.48
11-05-2009,1.47
08-05-2009,1.52
07-05-2009,1.55
06-05-2009,1.44
05-05-2009,1.43
04-05-2009,1.42
01-05-2009,1.41
30-04-2009,1.47
29-04-2009,1.53
28-04-2009,1.51
27-04-2009,1.47
24-04-2009,1.5
23-04-2009,1.44
22-04-2009,1.33
21-04-2009,1.25
20-04-2009,1.22
17-04-2009,1.28
16-04-2009,1.27
15-04-2009,1.27
14-04-2009,1.28
13-04-2009,1.33
09-04-2009,1.34
08-04-2009,1.29
07-04-2009,1.32
06-04-2009,1.43
03-04-2009,1.38
02-04-2009,1.33
01-04-2009,1.31
31-03-2009,1.28
30-03-2009,1.34
27-03-2009,1.4
26-03-2009,1.46
25-03-2009,1.37
24-03-2009,1.32
23-03-2009,1.28
20-03-2009,1.22
19-03-2009,1.3
18-03-2009,1.23
17-03-2009,1.12
16-03-2009,1.09
13-03-2009,1.02
12-03-2009,1.01
11-03-2009,0.92
10-03-2009,0.84
09-03-2009,0.83
06-03-2009,0.81
05-03-2009,0.85
04-03-2009,0.92
03-03-2009,0.91
02-03-2009,0.91
27-02-2009,0.96
26-02-2009,0.96
25-02-2009,0.97
24-02-2009,0.98
23-02-2009,1.08
20-02-2009,1.11
19-02-2009,1.12
18-02-2009,1.11
17-02-2009,1.11
13-02-2009,1.21
12-02-2009,1.14
11-02-2009,1.12
10-02-2009,1.25
09-02-2009,1.41
06-02-2009,1.23
05-02-2009,1.11
04-02-2009,1.17
03-02-2009,1.13
02-02-2009,1.07
30-01-2009,1.14
29-01-2009,1.04
28-01-2009,0.9
27-01-2009,0.82
26-01-2009,0.78
23-01-2009,0.72
22-01-2009,0.65
21-01-2009,0.58
20-01-2009,0.58
16-01-2009,0.55
15-01-2009,0.45
14-01-2009,0.45
13-01-2009,0.59
12-01-2009,0.59
09-01-2009,0.56
08-01-2009,0.5
07-01-2009,0.47
06-01-2009,0.42
05-01-2009,0.15
02-01-2009,0.17
31-12-2008,0.11
30-12-2008,0.09
29-12-2008,0.11
26-12-2008,0.13
24-12-2008,0.13
23-12-2008,0.15
22-12-2008,0.15
19-12-2008,0.15
18-12-2008,0.23
17-12-2008,0.34
16-12-2008,0.16
15-12-2008,0.1
12-12-2008,0.17
11-12-2008,0.29
10-12-2008,0.25
09-12-2008,0.26
08-12-2008,0.3
05-12-2008,0.44
04-12-2008,0.57
03-12-2008,0.53
02-12-2008,0.42
01-12-2008,0.34
28-11-2008,0.33
26-11-2008,0.31
25-11-2008,0.32
24-11-2008,0.24
21-11-2008,0.05
20-11-2008,0.04
19-11-2008,0.4
18-11-2008,0.61
17-11-2008,0.83
14-11-2008,0.85
13-11-2008,0.89
12-11-2008,0.96
10-11-2008,0.98
07-11-2008,0.97
06-11-2008,0.94
05-11-2008,0.97
04-11-2008,0.93
03-11-2008,0.87
31-10-2008,0.87
30-10-2008,0.94
29-10-2008,0.88
28-10-2008,0.83
27-10-2008,0.77
24-10-2008,0.74
23-10-2008,0.96
22-10-2008,1.06
21-10-2008,1.13
20-10-2008,1.15
17-10-2008,1.11
16-10-2008,0.97
15-10-2008,1.02
14-10-2008,1.03
10-10-2008,0.92
09-10-2008,1.05
08-10-2008,1.03
07-10-2008,1.18
06-10-2008,1.27
03-10-2008,1.45
02-10-2008,1.49
01-10-2008,1.51
30-09-2008,1.6
29-09-2008,1.58
26-09-2008,1.75
25-09-2008,1.79
24-09-2008,1.75
23-09-2008,1.86
22-09-2008,1.98
19-09-2008,1.93
18-09-2008,1.6
17-09-2008,1.6
16-09-2008,1.63
15-09-2008,1.77
12-09-2008,1.95
11-09-2008,1.97
10-09-2008,1.95
09-09-2008,1.93
08-09-2008,1.98
05-09-2008,1.95
04-09-2008,1.94
03-09-2008,2
02-09-2008,2.05
29-08-2008,2.15
28-08-2008,2.17
27-08-2008,2.19
26-08-2008,2.16
25-08-2008,2.15
22-08-2008,2.18
21-08-2008,2.23
20-08-2008,2.19
19-08-2008,2.15
18-08-2008,2.15
15-08-2008,2.18
14-08-2008,2.22
13-08-2008,2.19
12-08-2008,2.19
11-08-2008,2.19
08-08-2008,2.22
07-08-2008,2.24
06-08-2008,2.27
05-08-2008,2.3
04-08-2008,2.34
01-08-2008,2.34
31-07-2008,2.34
30-07-2008,2.36
29-07-2008,2.33
28-07-2008,2.36
25-07-2008,2.34
24-07-2008,2.34
23-07-2008,2.36
22-07-2008,2.43
21-07-2008,2.43
18-07-2008,2.46
17-07-2008,2.47
16-07-2008,2.49
15-07-2008,2.47
14-07-2008,2.47
11-07-2008,2.48
10-07-2008,2.43
09-07-2008,2.46
08-07-2008,2.46
07-07-2008,2.52
03-07-2008,2.57
02-07-2008,2.56
01-07-2008,2.52
30-06-2008,2.51
27-06-2008,2.51
26-06-2008,2.52
25-06-2008,2.47
24-06-2008,2.46
23-06-2008,2.44
20-06-2008,2.44
19-06-2008,2.47
18-06-2008,2.48
17-06-2008,2.48
16-06-2008,2.49
13-06-2008,2.5
12-06-2008,2.5
11-06-2008,2.48
10-06-2008,2.49
09-06-2008,2.48
06-06-2008,2.47
05-06-2008,2.43
04-06-2008,2.39
03-06-2008,2.41
02-06-2008,2.47
30-05-2008,2.48
29-05-2008,2.46
28-05-2008,2.45
27-05-2008,2.47
23-05-2008,2.49
22-05-2008,2.51
21-05-2008,2.51
20-05-2008,2.47
19-05-2008,2.47
16-05-2008,2.44
15-05-2008,2.43
14-05-2008,2.43
13-05-2008,2.39
12-05-2008,2.37
09-05-2008,2.38
08-05-2008,2.36
07-05-2008,2.36
06-05-2008,2.38
05-05-2008,2.35
02-05-2008,2.36
01-05-2008,2.26
30-04-2008,2.27
29-04-2008,2.29
28-04-2008,2.3
25-04-2008,2.31
24-04-2008,2.31
23-04-2008,2.33
22-04-2008,2.31
21-04-2008,2.31
18-04-2008,2.32
17-04-2008,2.31
16-04-2008,2.31
15-04-2008,2.32
14-04-2008,2.3
11-04-2008,2.3
10-04-2008,2.29
09-04-2008,2.3
08-04-2008,2.32
07-04-2008,2.34
04-04-2008,2.32
03-04-2008,2.33
02-04-2008,2.34
01-04-2008,2.35
31-03-2008,2.34
28-03-2008,2.34
27-03-2008,2.33
26-03-2008,2.27
25-03-2008,2.26
24-03-2008,2.32
20-03-2008,2.32
19-03-2008,2.34
18-03-2008,2.4
17-03-2008,2.29
14-03-2008,2.43
13-03-2008,2.51
12-03-2008,2.54
11-03-2008,2.55
10-03-2008,2.56
07-03-2008,2.55
06-03-2008,2.55
05-03-2008,2.54
04-03-2008,2.48
03-03-2008,2.46
29-02-2008,2.43
28-02-2008,2.45
27-02-2008,2.43
26-02-2008,2.44
25-02-2008,2.38
22-02-2008,2.35
21-02-2008,2.34
20-02-2008,2.38
19-02-2008,2.33
15-02-2008,2.28
14-02-2008,2.28
13-02-2008,2.28
12-02-2008,2.3
11-02-2008,2.3
08-02-2008,2.28
07-02-2008,2.27
06-02-2008,2.25
05-02-2008,2.27
04-02-2008,2.3
01-02-2008,2.31
31-01-2008,2.34
30-01-2008,2.33
29-01-2008,2.32
28-01-2008,2.28
25-01-2008,2.27
24-01-2008,2.24
23-01-2008,2.2
22-01-2008,2.24
18-01-2008,2.24
17-01-2008,2.23
16-01-2008,2.24
15-01-2008,2.27
14-01-2008,2.28
11-01-2008,2.26
10-01-2008,2.23
09-01-2008,2.26
08-01-2008,2.29
07-01-2008,2.29
04-01-2008,2.32
03-01-2008,2.33
02-01-2008,2.32
31-12-2007,2.31
28-12-2007,2.33
27-12-2007,2.36
26-12-2007,2.35
24-12-2007,2.35
21-12-2007,2.34
20-12-2007,2.3
19-12-2007,2.33
18-12-2007,2.34
17-12-2007,2.34
14-12-2007,2.34
13-12-2007,2.31
12-12-2007,2.27
11-12-2007,2.25
10-12-2007,2.26
07-12-2007,2.26
06-12-2007,2.25
05-12-2007,2.26
04-12-2007,2.3
03-12-2007,2.32
30-11-2007,2.34
29-11-2007,2.33
28-11-2007,2.32
27-11-2007,2.37
26-11-2007,2.38
23-11-2007,2.38
21-11-2007,2.38
20-11-2007,2.38
19-11-2007,2.37
16-11-2007,2.35
15-11-2007,2.36
14-11-2007,2.4
13-11-2007,2.4
09-11-2007,2.41
08-11-2007,2.4
07-11-2007,2.43
06-11-2007,2.45
05-11-2007,2.41
02-11-2007,2.39
01-11-2007,2.36
31-10-2007,2.34
30-10-2007,2.34
29-10-2007,2.35
26-10-2007,2.36
25-10-2007,2.33
24-10-2007,2.29
23-10-2007,2.3
22-10-2007,2.31
19-10-2007,2.32
18-10-2007,2.32
17-10-2007,2.35
16-10-2007,2.35
15-10-2007,2.35
12-10-2007,2.34
11-10-2007,2.34
10-10-2007,2.32
09-10-2007,2.33
05-10-2007,2.31
04-10-2007,2.3
03-10-2007,2.3
02-10-2007,2.31
01-10-2007,2.3
28-09-2007,2.32
27-09-2007,2.31
26-09-2007,2.29
25-09-2007,2.29
24-09-2007,2.3
21-09-2007,2.33
20-09-2007,2.35
19-09-2007,2.32
18-09-2007,2.31
17-09-2007,2.27
14-09-2007,2.27
13-09-2007,2.25
12-09-2007,2.23
11-09-2007,2.21
10-09-2007,2.2
07-09-2007,2.19
06-09-2007,2.19
05-09-2007,2.19
04-09-2007,2.2
31-08-2007,2.2
30-08-2007,2.19
29-08-2007,2.19
28-08-2007,2.2
27-08-2007,2.22
24-08-2007,2.23
23-08-2007,2.23
22-08-2007,2.21
21-08-2007,2.22
20-08-2007,2.2
17-08-2007,2.23
16-08-2007,2.21
15-08-2007,2.23
14-08-2007,2.24
13-08-2007,2.26
10-08-2007,2.25
09-08-2007,2.25
08-08-2007,2.26
07-08-2007,2.26
06-08-2007,2.26
03-08-2007,2.27
02-08-2007,2.31
01-08-2007,2.32
31-07-2007,2.34
30-07-2007,2.33
27-07-2007,2.32
26-07-2007,2.32
25-07-2007,2.36
24-07-2007,2.36
23-07-2007,2.34
20-07-2007,2.36
19-07-2007,2.39
18-07-2007,2.38
17-07-2007,2.35
16-07-2007,2.36
13-07-2007,2.38
12-07-2007,2.39
11-07-2007,2.38
10-07-2007,2.39
09-07-2007,2.41
06-07-2007,2.4
05-07-2007,2.4
03-07-2007,2.37
02-07-2007,2.39
29-06-2007,2.38
28-06-2007,2.39
27-06-2007,2.39
26-06-2007,2.4
25-06-2007,2.42
22-06-2007,2.44
21-06-2007,2.42
20-06-2007,2.41
19-06-2007,2.42
18-06-2007,2.42
15-06-2007,2.43
14-06-2007,2.46
13-06-2007,2.45
12-06-2007,2.43
11-06-2007,2.42
08-06-2007,2.43
07-06-2007,2.41
06-06-2007,2.39
05-06-2007,2.38
04-06-2007,2.38
01-06-2007,2.38
31-05-2007,2.36
30-05-2007,2.36
29-05-2007,2.34
25-05-2007,2.37
24-05-2007,2.38
23-05-2007,2.36
22-05-2007,2.35
21-05-2007,2.36
18-05-2007,2.35
17-05-2007,2.35
16-05-2007,2.33
15-05-2007,2.34
14-05-2007,2.37
11-05-2007,2.37
10-05-2007,2.38
09-05-2007,2.38
08-05-2007,2.36
07-05-2007,2.37
04-05-2007,2.41
03-05-2007,2.43
02-05-2007,2.43
01-05-2007,2.45
30-04-2007,2.43
27-04-2007,2.46
26-04-2007,2.43
25-04-2007,2.44
24-04-2007,2.42
23-04-2007,2.41
20-04-2007,2.41
19-04-2007,2.41
18-04-2007,2.4
17-04-2007,2.4
16-04-2007,2.44
13-04-2007,2.45
12-04-2007,2.46
11-04-2007,2.46
10-04-2007,2.46
09-04-2007,2.48
06-04-2007,2.49
05-04-2007,2.46
04-04-2007,2.43
03-04-2007,2.42
02-04-2007,2.44
30-03-2007,2.44
29-03-2007,2.46
28-03-2007,2.45
27-03-2007,2.46
26-03-2007,2.44
23-03-2007,2.43
22-03-2007,2.43
21-03-2007,2.39
20-03-2007,2.39
19-03-2007,2.4
16-03-2007,2.39
15-03-2007,2.37
14-03-2007,2.35
13-03-2007,2.35
12-03-2007,2.34
09-03-2007,2.34
08-03-2007,2.34
07-03-2007,2.34
06-03-2007,2.34
05-03-2007,2.34
02-03-2007,2.37
01-03-2007,2.37
28-02-2007,2.36
27-02-2007,2.36
26-02-2007,2.37
23-02-2007,2.38
22-02-2007,2.38
21-02-2007,2.36
20-02-2007,2.32
16-02-2007,2.33
15-02-2007,2.32
14-02-2007,2.36
13-02-2007,2.36
12-02-2007,2.34
09-02-2007,2.36
08-02-2007,2.34
07-02-2007,2.34
06-02-2007,2.37
05-02-2007,2.4
02-02-2007,2.41
01-02-2007,2.42
31-01-2007,2.43
30-01-2007,2.42
29-01-2007,2.4
26-01-2007,2.4
25-01-2007,2.39
24-01-2007,2.37
23-01-2007,2.35
22-01-2007,2.32
19-01-2007,2.31
18-01-2007,2.28
17-01-2007,2.29
16-01-2007,2.27
12-01-2007,2.28
11-01-2007,2.31
10-01-2007,2.27
09-01-2007,2.27
08-01-2007,2.28
05-01-2007,2.27
04-01-2007,2.26
03-01-2007,2.31
02-01-2007,2.3
29-12-2006,2.3
28-12-2006,2.29
27-12-2006,2.27
26-12-2006,2.27
22-12-2006,2.28
21-12-2006,2.26
20-12-2006,2.28
19-12-2006,2.29
18-12-2006,2.29
15-12-2006,2.31
14-12-2006,2.37
13-12-2006,2.36
12-12-2006,2.34
11-12-2006,2.35
08-12-2006,2.35
07-12-2006,2.34
06-12-2006,2.34
05-12-2006,2.34
04-12-2006,2.32
01-12-2006,2.33
30-11-2006,2.3
29-11-2006,2.3
28-11-2006,2.3
27-11-2006,2.3
24-11-2006,2.28
22-11-2006,2.27
21-11-2006,2.27
20-11-2006,2.27
17-11-2006,2.28
16-11-2006,2.28
15-11-2006,2.31
14-11-2006,2.29
13-11-2006,2.32
10-11-2006,2.34
09-11-2006,2.34
08-11-2006,2.35
07-11-2006,2.34
06-11-2006,2.35
03-11-2006,2.32
02-11-2006,2.28
01-11-2006,2.28
31-10-2006,2.27
30-10-2006,2.29
27-10-2006,2.31
26-10-2006,2.32
25-10-2006,2.34
24-10-2006,2.31
23-10-2006,2.3
20-10-2006,2.3
19-10-2006,2.3
18-10-2006,2.31
17-10-2006,2.32
16-10-2006,2.34
13-10-2006,2.34
12-10-2006,2.35
11-10-2006,2.33
10-10-2006,2.33
06-10-2006,2.33
05-10-2006,2.3
04-10-2006,2.3
03-10-2006,2.33
02-10-2006,2.35
29-09-2006,2.37
28-09-2006,2.36
27-09-2006,2.34
26-09-2006,2.34
25-09-2006,2.32
22-09-2006,2.33
21-09-2006,2.34
20-09-2006,2.34
19-09-2006,2.39
18-09-2006,2.42
15-09-2006,2.42
14-09-2006,2.44
13-09-2006,2.42
12-09-2006,2.42
11-09-2006,2.42
08-09-2006,2.43
07-09-2006,2.46
06-09-2006,2.48
05-09-2006,2.47
01-09-2006,2.48
31-08-2006,2.5
30-08-2006,2.48
29-08-2006,2.5
28-08-2006,2.52
25-08-2006,2.55
24-08-2006,2.53
23-08-2006,2.57
22-08-2006,2.6
21-08-2006,2.59
18-08-2006,2.58
17-08-2006,2.59
16-08-2006,2.59
15-08-2006,2.61
14-08-2006,2.64
11-08-2006,2.64
10-08-2006,2.63
09-08-2006,2.64
08-08-2006,2.66
07-08-2006,2.64
04-08-2006,2.61
03-08-2006,2.61
02-08-2006,2.6
01-08-2006,2.59
31-07-2006,2.58
28-07-2006,2.59
27-07-2006,2.6
26-07-2006,2.6
25-07-2006,2.59
24-07-2006,2.56
21-07-2006,2.56
20-07-2006,2.58
19-07-2006,2.57
18-07-2006,2.58
17-07-2006,2.58
14-07-2006,2.57
13-07-2006,2.57
12-07-2006,2.56
11-07-2006,2.57
10-07-2006,2.57
07-07-2006,2.59
06-07-2006,2.6
05-07-2006,2.6
03-07-2006,2.59
30-06-2006,2.61
29-06-2006,2.61
28-06-2006,2.57
27-06-2006,2.58
26-06-2006,2.58
23-06-2006,2.59
22-06-2006,2.59
21-06-2006,2.57
20-06-2006,2.57
19-06-2006,2.56
16-06-2006,2.59
15-06-2006,2.58
14-06-2006,2.55
13-06-2006,2.53
12-06-2006,2.54
09-06-2006,2.53
08-06-2006,2.53
07-06-2006,2.54
06-06-2006,2.57
05-06-2006,2.62
02-06-2006,2.63
01-06-2006,2.65
31-05-2006,2.64
30-05-2006,2.64
26-05-2006,2.62
25-05-2006,2.61
24-05-2006,2.61
23-05-2006,2.63
22-05-2006,2.61
19-05-2006,2.62
18-05-2006,2.67
17-05-2006,2.69
16-05-2006,2.66
15-05-2006,2.68
12-05-2006,2.72
11-05-2006,2.71
10-05-2006,2.7
09-05-2006,2.7
08-05-2006,2.67
05-05-2006,2.67
04-05-2006,2.67
03-05-2006,2.68
02-05-2006,2.69
01-05-2006,2.72
28-04-2006,2.68
27-04-2006,2.64
26-04-2006,2.61
25-04-2006,2.6
24-04-2006,2.6
21-04-2006,2.62
20-04-2006,2.62
19-04-2006,2.66
18-04-2006,2.61
17-04-2006,2.58
13-04-2006,2.57
12-04-2006,2.57
11-04-2006,2.56
10-04-2006,2.56
07-04-2006,2.54
06-04-2006,2.52
05-04-2006,2.5
04-04-2006,2.49
03-04-2006,2.52
31-03-2006,2.51
30-03-2006,2.51
29-03-2006,2.49
28-03-2006,2.49
27-03-2006,2.47
24-03-2006,2.47
23-03-2006,2.49
22-03-2006,2.47
21-03-2006,2.48
20-03-2006,2.51
17-03-2006,2.52
16-03-2006,2.53
15-03-2006,2.55
14-03-2006,2.54
13-03-2006,2.53
10-03-2006,2.53
09-03-2006,2.54
08-03-2006,2.53
07-03-2006,2.58
06-03-2006,2.6
03-03-2006,2.61
02-03-2006,2.59
01-03-2006,2.57
28-02-2006,2.53
27-02-2006,2.55
24-02-2006,2.56
23-02-2006,2.53
22-02-2006,2.52
21-02-2006,2.53
17-02-2006,2.51
16-02-2006,2.49
15-02-2006,2.48
14-02-2006,2.48
13-02-2006,2.5
10-02-2006,2.5
09-02-2006,2.49
08-02-2006,2.49
07-02-2006,2.55
06-02-2006,2.55
03-02-2006,2.54
02-02-2006,2.53
01-02-2006,2.55
31-01-2006,2.53
30-01-2006,2.51
27-01-2006,2.5
26-01-2006,2.52
25-01-2006,2.46
24-01-2006,2.43
23-01-2006,2.42
20-01-2006,2.43
19-01-2006,2.41
18-01-2006,2.37
17-01-2006,2.39
13-01-2006,2.39
12-01-2006,2.41
11-01-2006,2.39
10-01-2006,2.37
09-01-2006,2.33
06-01-2006,2.33
05-01-2006,2.32
04-01-2006,2.35
03-01-2006,2.34
30-12-2005,2.33
29-12-2005,2.3
28-12-2005,2.28
27-12-2005,2.29
23-12-2005,2.31
22-12-2005,2.33
21-12-2005,2.35
20-12-2005,2.35
19-12-2005,2.34
16-12-2005,2.34
15-12-2005,2.35
14-12-2005,2.35
13-12-2005,2.38
12-12-2005,2.39
09-12-2005,2.36
08-12-2005,2.33
07-12-2005,2.34
06-12-2005,2.37
05-12-2005,2.4
02-12-2005,2.36
01-12-2005,2.37
30-11-2005,2.37
29-11-2005,2.37
28-11-2005,2.37
25-11-2005,2.38
23-11-2005,2.39
22-11-2005,2.4
21-11-2005,2.38
18-11-2005,2.41
17-11-2005,2.42
16-11-2005,2.42
15-11-2005,2.44
14-11-2005,2.47
10-11-2005,2.48
09-11-2005,2.56
08-11-2005,2.56
07-11-2005,2.62
04-11-2005,2.6
03-11-2005,2.62
02-11-2005,2.59
01-11-2005,2.58
31-10-2005,2.57
28-10-2005,2.57
27-10-2005,2.56
26-10-2005,2.54
25-10-2005,2.49
24-10-2005,2.52
21-10-2005,2.5
20-10-2005,2.54
19-10-2005,2.55
18-10-2005,2.57
17-10-2005,2.56
14-10-2005,2.5
13-10-2005,2.52
12-10-2005,2.49
11-10-2005,2.47
07-10-2005,2.45
06-10-2005,2.46
05-10-2005,2.5
04-10-2005,2.51
03-10-2005,2.55
30-09-2005,2.56
29-09-2005,2.54
28-09-2005,2.53
27-09-2005,2.53
26-09-2005,2.52
23-09-2005,2.51
22-09-2005,2.52
21-09-2005,2.51
20-09-2005,2.52
19-09-2005,2.55
16-09-2005,2.53
15-09-2005,2.51
14-09-2005,2.49
13-09-2005,2.47
12-09-2005,2.49
09-09-2005,2.5
08-09-2005,2.47
07-09-2005,2.46
06-09-2005,2.44
02-09-2005,2.44
01-09-2005,2.41
31-08-2005,2.37
30-08-2005,2.45
29-08-2005,2.41
26-08-2005,2.39
25-08-2005,2.38
24-08-2005,2.36
23-08-2005,2.35
22-08-2005,2.36
19-08-2005,2.36
18-08-2005,2.35
17-08-2005,2.37
16-08-2005,2.36
15-08-2005,2.35
12-08-2005,2.33
11-08-2005,2.35
10-08-2005,2.39
09-08-2005,2.39
08-08-2005,2.4
05-08-2005,2.4
04-08-2005,2.38
03-08-2005,2.37
02-08-2005,2.35
01-08-2005,2.37
29-07-2005,2.36
28-07-2005,2.34
27-07-2005,2.35
26-07-2005,2.32
25-07-2005,2.31
22-07-2005,2.34
21-07-2005,2.33
20-07-2005,2.27
19-07-2005,2.28
18-07-2005,2.24
15-07-2005,2.23
14-07-2005,2.25
13-07-2005,2.3
12-07-2005,2.32
11-07-2005,2.3
08-07-2005,2.28
07-07-2005,2.28
06-07-2005,2.3
05-07-2005,2.31
01-07-2005,2.31
30-06-2005,2.27
29-06-2005,2.3
28-06-2005,2.3
27-06-2005,2.28
24-06-2005,2.27
23-06-2005,2.28
22-06-2005,2.27
21-06-2005,2.34
20-06-2005,2.37
17-06-2005,2.37
16-06-2005,2.34
15-06-2005,2.33
14-06-2005,2.34
13-06-2005,2.33
10-06-2005,2.31
09-06-2005,2.34
08-06-2005,2.32
07-06-2005,2.32
06-06-2005,2.36
03-06-2005,2.37
02-06-2005,2.34
01-06-2005,2.37
31-05-2005,2.37
27-05-2005,2.41
26-05-2005,2.39
25-05-2005,2.42
24-05-2005,2.42
23-05-2005,2.42
20-05-2005,2.46
19-05-2005,2.42
18-05-2005,2.42
17-05-2005,2.48
16-05-2005,2.47
13-05-2005,2.46
12-05-2005,2.52
11-05-2005,2.57
10-05-2005,2.58
09-05-2005,2.6
06-05-2005,2.59
05-05-2005,2.57
04-05-2005,2.57
03-05-2005,2.57
02-05-2005,2.6
29-04-2005,2.6
28-04-2005,2.61
27-04-2005,2.6
26-04-2005,2.62
25-04-2005,2.63
22-04-2005,2.65
21-04-2005,2.66
20-04-2005,2.62
19-04-2005,2.59
18-04-2005,2.61
15-04-2005,2.6
14-04-2005,2.65
13-04-2005,2.64
12-04-2005,2.65
11-04-2005,2.63
08-04-2005,2.66
07-04-2005,2.64
06-04-2005,2.64
05-04-2005,2.67
04-04-2005,2.68
01-04-2005,2.69
31-03-2005,2.71
30-03-2005,2.67
29-03-2005,2.69
28-03-2005,2.7
24-03-2005,2.7
23-03-2005,2.69
22-03-2005,2.76
21-03-2005,2.73
18-03-2005,2.74
17-03-2005,2.74
16-03-2005,2.73
15-03-2005,2.72
14-03-2005,2.7
11-03-2005,2.74
10-03-2005,2.72
09-03-2005,2.75
08-03-2005,2.71
07-03-2005,2.68
04-03-2005,2.67
03-03-2005,2.7
02-03-2005,2.69
01-03-2005,2.69
28-02-2005,2.66
25-02-2005,2.63
24-02-2005,2.64
23-02-2005,2.63
22-02-2005,2.62
18-02-2005,2.6
17-02-2005,2.54
16-02-2005,2.51
15-02-2005,2.49
14-02-2005,2.54
11-02-2005,2.53
10-02-2005,2.5
09-02-2005,2.51
08-02-2005,2.48
07-02-2005,2.45
04-02-2005,2.44
03-02-2005,2.45
02-02-2005,2.45
01-02-2005,2.48
31-01-2005,2.49
28-01-2005,2.51
27-01-2005,2.5
26-01-2005,2.49
25-01-2005,2.46
24-01-2005,2.46
21-01-2005,2.47
20-01-2005,2.47
19-01-2005,2.5
18-01-2005,2.5
14-01-2005,2.51
13-01-2005,2.5
12-01-2005,2.52
11-01-2005,2.5
10-01-2005,2.52
07-01-2005,2.49
06-01-2005,2.53
05-01-2005,2.5
04-01-2005,2.51
03-01-2005,2.53
31-12-2004,2.56
30-12-2004,2.57
29-12-2004,2.6
28-12-2004,2.62
27-12-2004,2.63
23-12-2004,2.61
22-12-2004,2.58
21-12-2004,2.59
20-12-2004,2.59
17-12-2004,2.57
16-12-2004,2.55
15-12-2004,2.52
14-12-2004,2.52
13-12-2004,2.51
10-12-2004,2.5
09-12-2004,2.55
08-12-2004,2.52
07-12-2004,2.54
06-12-2004,2.54
03-12-2004,2.54
02-12-2004,2.57
01-12-2004,2.59
30-11-2004,2.61
29-11-2004,2.6
26-11-2004,2.58
24-11-2004,2.56
23-11-2004,2.54
22-11-2004,2.56
19-11-2004,2.53
18-11-2004,2.48
17-11-2004,2.51
16-11-2004,2.53
15-11-2004,2.53
12-11-2004,2.49
10-11-2004,2.5
09-11-2004,2.48
08-11-2004,2.5
05-11-2004,2.5
04-11-2004,2.45
03-11-2004,2.48
02-11-2004,2.49
01-11-2004,2.44
29-10-2004,2.42
28-10-2004,2.41
27-10-2004,2.38
26-10-2004,2.38
25-10-2004,2.36
22-10-2004,2.36
21-10-2004,2.39
20-10-2004,2.35
19-10-2004,2.37
18-10-2004,2.36
15-10-2004,2.37
14-10-2004,2.35
13-10-2004,2.37
12-10-2004,2.37
08-10-2004,2.37
07-10-2004,2.37
06-10-2004,2.33
05-10-2004,2.34
04-10-2004,2.33
01-10-2004,2.38
30-09-2004,2.37
29-09-2004,2.34
28-09-2004,2.32
27-09-2004,2.29
24-09-2004,2.26
23-09-2004,2.26
22-09-2004,2.27
21-09-2004,2.25
20-09-2004,2.27
17-09-2004,2.29
16-09-2004,2.27
15-09-2004,2.32
14-09-2004,2.34
13-09-2004,2.35
10-09-2004,2.36
09-09-2004,2.39
08-09-2004,2.36
07-09-2004,2.4
03-09-2004,2.42
02-09-2004,2.37
01-09-2004,2.36
31-08-2004,2.35
30-08-2004,2.36
27-08-2004,2.37
26-08-2004,2.36
25-08-2004,2.38
24-08-2004,2.41
23-08-2004,2.42
20-08-2004,2.45
19-08-2004,2.46
18-08-2004,2.4
17-08-2004,2.39
16-08-2004,2.44
13-08-2004,2.45
12-08-2004,2.46
11-08-2004,2.44
10-08-2004,2.42
09-08-2004,2.43
06-08-2004,2.42
05-08-2004,2.47
04-08-2004,2.45
03-08-2004,2.47
02-08-2004,2.48
30-07-2004,2.49
29-07-2004,2.53
28-07-2004,2.5
27-07-2004,2.47
26-07-2004,2.44
23-07-2004,2.45
22-07-2004,2.45
21-07-2004,2.45
20-07-2004,2.42
19-07-2004,2.42
16-07-2004,2.44
15-07-2004,2.49
14-07-2004,2.48
13-07-2004,2.47
12-07-2004,2.44
09-07-2004,2.47
08-07-2004,2.47
07-07-2004,2.5
06-07-2004,2.52
02-07-2004,2.52
01-07-2004,2.53
30-06-2004,2.52
29-06-2004,2.5
28-06-2004,2.53
25-06-2004,2.5
24-06-2004,2.51
23-06-2004,2.53
22-06-2004,2.55
21-06-2004,2.54
18-06-2004,2.57
17-06-2004,2.55
16-06-2004,2.56
15-06-2004,2.53
14-06-2004,2.63
10-06-2004,2.63
09-06-2004,2.62
08-06-2004,2.63
07-06-2004,2.67
04-06-2004,2.67
03-06-2004,2.66
02-06-2004,2.7
01-06-2004,2.74
28-05-2004,2.66
27-05-2004,2.63
26-05-2004,2.68
25-05-2004,2.7
24-05-2004,2.74
21-05-2004,2.72
20-05-2004,2.76
19-05-2004,2.76
18-05-2004,2.69
17-05-2004,2.63
14-05-2004,2.63
13-05-2004,2.67
12-05-2004,2.66
11-05-2004,2.58
10-05-2004,2.56
07-05-2004,2.55
06-05-2004,2.48
05-05-2004,2.51
04-05-2004,2.46
03-05-2004,2.44
30-04-2004,2.42
29-04-2004,2.4
28-04-2004,2.4
27-04-2004,2.43
26-04-2004,2.43
23-04-2004,2.36
22-04-2004,2.42
21-04-2004,2.49
20-04-2004,2.46
19-04-2004,2.52
16-04-2004,2.5
15-04-2004,2.49
14-04-2004,2.49
13-04-2004,2.47
12-04-2004,2.44
08-04-2004,2.41
07-04-2004,2.37
06-04-2004,2.46
05-04-2004,2.49
02-04-2004,2.46
01-04-2004,2.43
31-03-2004,2.38
30-03-2004,2.39
29-03-2004,2.41
26-03-2004,2.38
25-03-2004,2.35
24-03-2004,2.35
23-03-2004,2.32
22-03-2004,2.32
19-03-2004,2.36
18-03-2004,2.39
17-03-2004,2.35
16-03-2004,2.3
15-03-2004,2.31
12-03-2004,2.26
11-03-2004,2.24
10-03-2004,2.29
09-03-2004,2.33
08-03-2004,2.35
05-03-2004,2.39
04-03-2004,2.44
03-03-2004,2.48
02-03-2004,2.47
01-03-2004,2.45
27-02-2004,2.38
26-02-2004,2.36
25-02-2004,2.31
24-02-2004,2.3
23-02-2004,2.29
20-02-2004,2.31
19-02-2004,2.29
18-02-2004,2.3
17-02-2004,2.3
13-02-2004,2.31
12-02-2004,2.33
11-02-2004,2.3
10-02-2004,2.34
09-02-2004,2.33
06-02-2004,2.33
05-02-2004,2.35
04-02-2004,2.33
03-02-2004,2.32
02-02-2004,2.34
30-01-2004,2.31
29-01-2004,2.31
28-01-2004,2.3
27-01-2004,2.27
26-01-2004,2.27
23-01-2004,2.27
22-01-2004,2.23
21-01-2004,2.26
20-01-2004,2.24
16-01-2004,2.21
15-01-2004,2.17
14-01-2004,2.16
13-01-2004,2.22
12-01-2004,2.22
09-01-2004,2.22
08-01-2004,2.28
07-01-2004,2.33
06-01-2004,2.32
05-01-2004,2.35
02-01-2004,2.32
31-12-2003,2.27
30-12-2003,2.28
29-12-2003,2.25
26-12-2003,2.23
24-12-2003,2.24
23-12-2003,2.25
22-12-2003,2.2
19-12-2003,2.2
18-12-2003,2.22
17-12-2003,2.23
16-12-2003,2.25
15-12-2003,2.3
12-12-2003,2.35
11-12-2003,2.37
10-12-2003,2.33
09-12-2003,2.32
08-12-2003,2.33
05-12-2003,2.31
04-12-2003,2.34
03-12-2003,2.33
02-12-2003,2.33
01-12-2003,2.32
28-11-2003,2.31
26-11-2003,2.29
25-11-2003,2.27
24-11-2003,2.24
21-11-2003,2.22
20-11-2003,2.24
19-11-2003,2.33
18-11-2003,2.34
17-11-2003,2.36
14-11-2003,2.35
13-11-2003,2.36
12-11-2003,2.4
10-11-2003,2.4
07-11-2003,2.38
06-11-2003,2.37
05-11-2003,2.36
04-11-2003,2.4
03-11-2003,2.43
31-10-2003,2.4
30-10-2003,2.39
29-10-2003,2.33
28-10-2003,2.32
27-10-2003,2.34
24-10-2003,2.32
23-10-2003,2.31
22-10-2003,2.22
21-10-2003,2.26
20-10-2003,2.28
17-10-2003,2.27
16-10-2003,2.26
15-10-2003,2.23
14-10-2003,2.19
10-10-2003,2.15
09-10-2003,2.12
08-10-2003,2.09
07-10-2003,2.1
06-10-2003,2.06
03-10-2003,2.05
02-10-2003,2.02
01-10-2003,2
30-09-2003,2.01
29-09-2003,2.06
26-09-2003,2.05
25-09-2003,2.05
24-09-2003,2.03
23-09-2003,2.05
22-09-2003,2.05
19-09-2003,2
18-09-2003,2.01
17-09-2003,2
16-09-2003,2.03
15-09-2003,2.1
12-09-2003,2.09
11-09-2003,2.13
10-09-2003,2.1
09-09-2003,2.16
08-09-2003,2.17
05-09-2003,2.18
04-09-2003,2.2
03-09-2003,2.2
02-09-2003,2.18
29-08-2003,2.16
28-08-2003,2.13
27-08-2003,2.18
26-08-2003,2.22
25-08-2003,2.22
22-08-2003,2.22
21-08-2003,2.24
20-08-2003,2.19
19-08-2003,2.14
18-08-2003,2.16
15-08-2003,2.19
14-08-2003,2.17
13-08-2003,2.17
12-08-2003,2.08
11-08-2003,2.07
08-08-2003,2
07-08-2003,2.01
06-08-2003,1.98
05-08-2003,2.04
04-08-2003,2.01
01-08-2003,2.04
31-07-2003,2.08
30-07-2003,2.02
29-07-2003,2.04
28-07-2003,2.04
25-07-2003,2.08
24-07-2003,2.02
23-07-2003,2.01
22-07-2003,1.98
21-07-2003,1.98
18-07-2003,1.96
17-07-2003,1.93
16-07-2003,1.89
15-07-2003,1.88
14-07-2003,1.82
11-07-2003,1.78
10-07-2003,1.76
09-07-2003,1.73
08-07-2003,1.63
07-07-2003,1.6
03-07-2003,1.58
02-07-2003,1.6
01-07-2003,1.64
30-06-2003,1.64
27-06-2003,1.68
26-06-2003,1.7
25-06-2003,1.67
24-06-2003,1.61
23-06-2003,1.61
20-06-2003,1.63
19-06-2003,1.61
18-06-2003,1.58
17-06-2003,1.57
16-06-2003,1.59
13-06-2003,1.62
12-06-2003,1.61
11-06-2003,1.59
10-06-2003,1.59
09-06-2003,1.61
06-06-2003,1.61
05-06-2003,1.59
04-06-2003,1.57
03-06-2003,1.58
02-06-2003,1.6
30-05-2003,1.6
29-05-2003,1.58
28-05-2003,1.61
27-05-2003,1.61
23-05-2003,1.62
22-05-2003,1.63
21-05-2003,1.66
20-05-2003,1.65
19-05-2003,1.61
16-05-2003,1.62
15-05-2003,1.67
14-05-2003,1.66
13-05-2003,1.69
12-05-2003,1.68
09-05-2003,1.69
08-05-2003,1.7
07-05-2003,1.7
06-05-2003,1.67
05-05-2003,1.73
02-05-2003,1.75
01-05-2003,1.75
30-04-2003,1.73
29-04-2003,1.74
28-04-2003,1.76
25-04-2003,1.73
24-04-2003,1.71
23-04-2003,1.76
22-04-2003,1.74
21-04-2003,1.75
17-04-2003,1.76
16-04-2003,1.76
15-04-2003,1.8
14-04-2003,1.82
11-04-2003,1.77
10-04-2003,1.79
09-04-2003,1.8
08-04-2003,1.77
07-04-2003,1.82
04-04-2003,1.8
03-04-2003,1.81
02-04-2003,1.83
01-04-2003,1.82
31-03-2003,1.8
28-03-2003,1.83
27-03-2003,1.85
26-03-2003,1.81
25-03-2003,1.8
24-03-2003,1.8
21-03-2003,1.82
20-03-2003,1.81
19-03-2003,1.83
18-03-2003,1.83
17-03-2003,1.85
14-03-2003,1.83
13-03-2003,2.01
12-03-2003,1.92
11-03-2003,1.92
10-03-2003,1.9
07-03-2003,1.91
06-03-2003,1.93
05-03-2003,1.88
04-03-2003,1.88
03-03-2003,1.91
28-02-2003,1.94
27-02-2003,1.94
26-02-2003,1.94
25-02-2003,1.97
24-02-2003,1.99
21-02-2003,1.97
20-02-2003,1.94
19-02-2003,1.89
18-02-2003,1.89
14-02-2003,1.92
13-02-2003,1.88
12-02-2003,1.89
11-02-2003,1.93
10-02-2003,1.93
07-02-2003,1.89
06-02-2003,1.88
05-02-2003,1.9
04-02-2003,1.84
03-02-2003,1.81
31-01-2003,1.81
30-01-2003,1.8
29-01-2003,1.85
28-01-2003,1.81
27-01-2003,1.82
24-01-2003,1.8
23-01-2003,1.78
22-01-2003,1.72
21-01-2003,1.78
17-01-2003,1.8
16-01-2003,1.79
15-01-2003,1.8
14-01-2003,1.76
13-01-2003,1.77
10-01-2003,1.75
09-01-2003,1.78
08-01-2003,1.71
07-01-2003,1.62
06-01-2003,1.63
03-01-2003,1.62
02-01-2003,1.64
